user_id,message,story,name,file_path
2327400,"แอดมินขออนุญาตประสานงานให้เจ้าหน้าที่ติดต่อกลับนะครับ เพื่อความปลอดภัยของข้อมูล รบกวนแจ้งเบอร์ติดต่อกลับทาง FB ib นะครับ คลิก <a href=""http://m.me/fwdthailand""  rel=""nofollow"" target=""_blank"" >http://m.me/fwdthailand</a>","
								ผมเป็นตัวแทน fwd นะครับ มีปัญหาเรื่องการเข้าระบบเมล์ของอีบรานซ์ เชื่อไหม เบอร์หน้าเว็ปตัวแทน ไม่เคยติดต่อได้เลย 027766606-07 มันไม่มีจริงหรอกเบอร์นี้อะ  เอาออกจากหน้าอีบรานซ์ไปเถอะ
ดีที่รู้จักคนข้างใน ให้ช่วยติดต่อให้
ในที่สุดก็โทรมา พอโทรมาพูดจาหมาไม่แดกเลย
ไม่อยากเอ่ยชื่อนะ  แต่ฟังแล้วมันน่านัก ทำงานหน้าเดียวแต่พูดจาหาเรื่อง  ตูหารายได้ให้บริษัทตั้งเท่าไร พอต้องการความช่วยเหลือกลับพูดจาหมาๆ ให้คนที่มันทำงานหน้าเดียวไปนั่งสมาธิสักหน่อยเหอะ เมลล์ในอีบรานซ์มีข้มูลเสนอขายลูกค้า ถ้าไม่จำเป็นขอความช่วยเหลือ ตูเป็นถึง MDRT 2ปีซ้อน ถ้าไม่จำเป็นจริงๆก็ไม่อยากคุยกะพวกเมิงหรอก เข้าใจป่ะ																															",เป็นตัวแทนFwd แต่ติดต่อ eserviceไม่เคยได้,/content/pantip_storage/ptopic42514
2327400,"แอดมินขออนุญาตประสานงานให้เจ้าหน้าที่ติดต่อกลับนะครับ เพื่อความปลอดภัยของข้อมูล รบกวนแจ้งเบอร์ติดต่อกลับทาง FB ib นะครับ คลิก <a href=""http://m.me/fwdthailand""  rel=""nofollow"" target=""_blank"" >http://m.me/fwdthailand</a>","
								เราทำประกันสุขภาพไว้กับ FWD เดือนเมษาปี 66   เมื่อวันที่ 4-5 พย เราต้องเข้าแอดมิดที่โรงพยบาบเพราะเราปวดท้อง หมอตรวจรักษาแล้ว หมอสรุปว่าเราติดเชื้อ,ลำใส้แปรปรวน พอออกจากโรงพยาบาลทางประกันให้เราสำรองจ่ายไป จากนั้นเราส่งเอกสารเคลมจนถึงตอนนี้เรายังไม่ได้เงินจาก FWD เลย  เค้าให้เหตุผลว่ากำลังพิจารณา   ใครเคยเจอแบบเราบ้างและต้องทำอย่างไรคะ  (เราไม่มีชดเชยรายวันกรณีนอนโรงพยาบาลหรืออะไรทั้งนั้น ) ช่วยแนะนำหน่อยคะ																															",ทำไมเคลมประกัน FWD อยากจังเลย,/content/pantip_storage/ptopic42375
173895,กรมธรรม์ที่เพิ่งทำมาได้ไม่นาน ปกติประกันจะขอตรวจสอบประวัติการรักษาก่อนหน้าครับ แต่หากเราไม่ได้ปกปิด ทางประกันก็จะจ่ายคืนให้ครับ,"
								เราทำประกันสุขภาพไว้กับ FWD เดือนเมษาปี 66   เมื่อวันที่ 4-5 พย เราต้องเข้าแอดมิดที่โรงพยบาบเพราะเราปวดท้อง หมอตรวจรักษาแล้ว หมอสรุปว่าเราติดเชื้อ,ลำใส้แปรปรวน พอออกจากโรงพยาบาลทางประกันให้เราสำรองจ่ายไป จากนั้นเราส่งเอกสารเคลมจนถึงตอนนี้เรายังไม่ได้เงินจาก FWD เลย  เค้าให้เหตุผลว่ากำลังพิจารณา   ใครเคยเจอแบบเราบ้างและต้องทำอย่างไรคะ  (เราไม่มีชดเชยรายวันกรณีนอนโรงพยาบาลหรืออะไรทั้งนั้น ) ช่วยแนะนำหน่อยคะ																															",ทำไมเคลมประกัน FWD อยากจังเลย,/content/pantip_storage/ptopic42375
704085,พวก simple disease จะเรื่องเยอะแบบนี้แหละ,"
								เราทำประกันสุขภาพไว้กับ FWD เดือนเมษาปี 66   เมื่อวันที่ 4-5 พย เราต้องเข้าแอดมิดที่โรงพยบาบเพราะเราปวดท้อง หมอตรวจรักษาแล้ว หมอสรุปว่าเราติดเชื้อ,ลำใส้แปรปรวน พอออกจากโรงพยาบาลทางประกันให้เราสำรองจ่ายไป จากนั้นเราส่งเอกสารเคลมจนถึงตอนนี้เรายังไม่ได้เงินจาก FWD เลย  เค้าให้เหตุผลว่ากำลังพิจารณา   ใครเคยเจอแบบเราบ้างและต้องทำอย่างไรคะ  (เราไม่มีชดเชยรายวันกรณีนอนโรงพยาบาลหรืออะไรทั้งนั้น ) ช่วยแนะนำหน่อยคะ																															",ทำไมเคลมประกัน FWD อยากจังเลย,/content/pantip_storage/ptopic42375
7872062,ทำประกันอุบัติเหตุไว้ลื่นล้มเคลมไปตั้งแต่วันที่10พ.ย.66จนตอนนี้ยังขึ้นรอดำเนินการนานเกินไปมั๊ยค่ะ,"
								เราทำประกันสุขภาพไว้กับ FWD เดือนเมษาปี 66   เมื่อวันที่ 4-5 พย เราต้องเข้าแอดมิดที่โรงพยบาบเพราะเราปวดท้อง หมอตรวจรักษาแล้ว หมอสรุปว่าเราติดเชื้อ,ลำใส้แปรปรวน พอออกจากโรงพยาบาลทางประกันให้เราสำรองจ่ายไป จากนั้นเราส่งเอกสารเคลมจนถึงตอนนี้เรายังไม่ได้เงินจาก FWD เลย  เค้าให้เหตุผลว่ากำลังพิจารณา   ใครเคยเจอแบบเราบ้างและต้องทำอย่างไรคะ  (เราไม่มีชดเชยรายวันกรณีนอนโรงพยาบาลหรืออะไรทั้งนั้น ) ช่วยแนะนำหน่อยคะ																															",ทำไมเคลมประกัน FWD อยากจังเลย,/content/pantip_storage/ptopic42375
8019253,"รบกวนสอบถามเพื่อสมาชิกเบิกค่าชดเชยรายวันประกันชีวิต บริษัท&nbsp;&nbsp;FWD ต้องนอนโรงพยาบาลกี่ชั่วโมงถึงจะเบิกได้ครับ<br />
ขอบคุณครับ","
								เราทำประกันสุขภาพไว้กับ FWD เดือนเมษาปี 66   เมื่อวันที่ 4-5 พย เราต้องเข้าแอดมิดที่โรงพยบาบเพราะเราปวดท้อง หมอตรวจรักษาแล้ว หมอสรุปว่าเราติดเชื้อ,ลำใส้แปรปรวน พอออกจากโรงพยาบาลทางประกันให้เราสำรองจ่ายไป จากนั้นเราส่งเอกสารเคลมจนถึงตอนนี้เรายังไม่ได้เงินจาก FWD เลย  เค้าให้เหตุผลว่ากำลังพิจารณา   ใครเคยเจอแบบเราบ้างและต้องทำอย่างไรคะ  (เราไม่มีชดเชยรายวันกรณีนอนโรงพยาบาลหรืออะไรทั้งนั้น ) ช่วยแนะนำหน่อยคะ																															",ทำไมเคลมประกัน FWD อยากจังเลย,/content/pantip_storage/ptopic42375
8086628,หากพบปัญหา หรือต้องการปรึกษาปัญหาต่างๆ สามารถโทร call center 1351 ได้ค่ะ,"
								ติดต่อ หัวหน้า FWD สาขาอุดรได้ที่ไหนคะ																															",ติดต่อ หัวหน้า FWD สาขาอุดรได้ที่ไหนคะ,/content/pantip_storage/ptopic42391
2327400,"แอดมินขออนุญาตประสานงานให้เจ้าหน้าที่ติดต่อกลับนะครับ เพื่อความปลอดภัยของข้อมูล รบกวนแจ้งเบอร์ติดต่อกลับทาง FB ib นะครับ คลิก <a href=""http://m.me/fwdthailand""  rel=""nofollow"" target=""_blank"" >http://m.me/fwdthailand</a>","
								ทำไมยกเลิกประกันของ FWD ยากจังเลย โทรที่ี่เบอร์ Call Center ก็น่าจะเป็น Bot คุยด้วย แล้วก็ให้ไปยกเลิกในแอป พอยกเลิกก็ไม่อนุมัติให้ คือไม่อยากทำต่อเพราะขายประกันให้บ่อยมากกกกกก ต้นปีทำไปแล้ว ปลายปี โทรมาอีกพอทำเพิ่มห่างกันไม่ถึงเดือนก็โทรมาให้ทำอีก ละโทรบ่อยมากกกกกกกกกกกก นี่ไม่อยากทำแล้ว แต่ยกเลิกยากกว่า มีใครยกเลิกได้บ้างมั้ยคะ แล้วต้องทำยังไงบ้าง																															",ยกเลิกประกัน FWD,/content/pantip_storage/ptopic42426
110603,"ประกันอะไร แบบไหน เบี้ยเท่าไหร่ มีสัญญาเพิ่มเติมอะไร ซื้อผ่านช่องทางไหน<br />
<br />
แล้วยกเลิก ยกเลิกเพราะอะไร ยกเลิกเมื่อไหร่<br />
<br />
<br />
ไอ้ที่ขึ้นใน app บางทีมันคำนวนผิดก็มี จะให้ชัวร์ดูที่กรมธรรม์&nbsp;&nbsp;ถ้ายกเลิกภายใน 15-30 วันแรก ได้เงินคืนหมด ถ้าเกินนั้นจะได้คืนเท่าไหร่แล้วแต่เงื่อนไขกรมธรรม์","
								ตามข้างต้นที่ได้สอบถาม ตอนนี้เราได้ทำการยกเลิกกรมธรรม์ ของ FWD ซึ้งการยกเลิกนี้เราได้เห็นในแอพแล้ว ว่าจะได้รับเงินคืนส่วนนึง แต่พอมาเมื่อไม่กี่วันวันก่อน ขึ้นว่ายกเลิกสำเร็จแล้ว แต่ไม่มีเงินเข้าบัญชีที่ได้กรอกไว้ และไม่มี SMS แจ้งเตือน พอลองโทรสอบถาม  1351 ก็ไม่ได้รับคำตอบที่ต้องการ ได้แค่แจ้งว่า กรมธรรม์ของคุณไม่อยู่ในเงื่อนไขในการยกเลิกหรือเวนคืน แล้วที่มีข้อมูลขึ้นในแอพ มันไม่ได้สอดคล้องตามข้อมูลจริงหรือยังไงครับ																															",ยกเลิกกรมธรรม์ ของ FWD,/content/pantip_storage/ptopic42348
2327400,"แอดมินขออนุญาตประสานงานให้เจ้าหน้าที่ติดต่อกลับนะครับ เพื่อความปลอดภัยของข้อมูล รบกวนแจ้งเบอร์ติดต่อกลับทาง FB ib นะครับ คลิก <a href=""http://m.me/fwdthailand""  rel=""nofollow"" target=""_blank"" >http://m.me/fwdthailand</a>","
								ตามข้างต้นที่ได้สอบถาม ตอนนี้เราได้ทำการยกเลิกกรมธรรม์ ของ FWD ซึ้งการยกเลิกนี้เราได้เห็นในแอพแล้ว ว่าจะได้รับเงินคืนส่วนนึง แต่พอมาเมื่อไม่กี่วันวันก่อน ขึ้นว่ายกเลิกสำเร็จแล้ว แต่ไม่มีเงินเข้าบัญชีที่ได้กรอกไว้ และไม่มี SMS แจ้งเตือน พอลองโทรสอบถาม  1351 ก็ไม่ได้รับคำตอบที่ต้องการ ได้แค่แจ้งว่า กรมธรรม์ของคุณไม่อยู่ในเงื่อนไขในการยกเลิกหรือเวนคืน แล้วที่มีข้อมูลขึ้นในแอพ มันไม่ได้สอดคล้องตามข้อมูลจริงหรือยังไงครับ																															",ยกเลิกกรมธรรม์ ของ FWD,/content/pantip_storage/ptopic42348
51177,"ขอยกตัวอย่างดั่งนี้<br />
<br />
<img class=""img-in-post"" src=""https://f.ptcdn.info/356/082/000/s496bh1j6wsTJ91KU4Ma-o.png"" data-image=""img:1348x384"" /><br />
<br />
Col. (3) :&nbsp;&nbsp;ส่งเบี้ยประกันจำปี<br />
Col. (4) :&nbsp;&nbsp;ยอดรวมเบี้ยประกัน<br />
Col. (5) :&nbsp;&nbsp;ปันผลปีละ ประมาณ 1% ของ (4) ต่อปี<br />
Col. (6) :&nbsp;&nbsp;ระยะเวลาประกัน<br />
Col. (7) :&nbsp;&nbsp;ยอดรวมเงินปันผล<br />
Col. (8) :&nbsp;&nbsp;ครบกำหนดระยะเวลาประกัน จะได้เงินคืนประมาณ เบี้ยที่ส่ง + ดอกเบี้ย<br />
Col. (11) : เสียชีวิตจะได้รับ<br />
<br />
จขกท ยกเลิกจะสูญเงินที่ส่งแทบหมด ถ้าไม่มากมายตัดใจ ในกรณีไม่สามารถตัดใจได้ก็ต้องตกกระใดพลอยโจนคิดว่าเป็นการสะสมทรัพย์ อดทนส่งเบี้ยตามระยะเวลา รับปันผลแต่ละปี ครบกำหนดได้เบี้ยที่ส่งคืน บวก เล็กๆน้อยๆ เท่านั้น<br />
<br />
ด้วยความปรารถนาดี","
								ตามข้างต้นที่ได้สอบถาม ตอนนี้เราได้ทำการยกเลิกกรมธรรม์ ของ FWD ซึ้งการยกเลิกนี้เราได้เห็นในแอพแล้ว ว่าจะได้รับเงินคืนส่วนนึง แต่พอมาเมื่อไม่กี่วันวันก่อน ขึ้นว่ายกเลิกสำเร็จแล้ว แต่ไม่มีเงินเข้าบัญชีที่ได้กรอกไว้ และไม่มี SMS แจ้งเตือน พอลองโทรสอบถาม  1351 ก็ไม่ได้รับคำตอบที่ต้องการ ได้แค่แจ้งว่า กรมธรรม์ของคุณไม่อยู่ในเงื่อนไขในการยกเลิกหรือเวนคืน แล้วที่มีข้อมูลขึ้นในแอพ มันไม่ได้สอดคล้องตามข้อมูลจริงหรือยังไงครับ																															",ยกเลิกกรมธรรม์ ของ FWD,/content/pantip_storage/ptopic42348
7971257,ใช้แอพไหนยกเลิกกรรมธรรม์ได้คะ?,"
								ตามข้างต้นที่ได้สอบถาม ตอนนี้เราได้ทำการยกเลิกกรมธรรม์ ของ FWD ซึ้งการยกเลิกนี้เราได้เห็นในแอพแล้ว ว่าจะได้รับเงินคืนส่วนนึง แต่พอมาเมื่อไม่กี่วันวันก่อน ขึ้นว่ายกเลิกสำเร็จแล้ว แต่ไม่มีเงินเข้าบัญชีที่ได้กรอกไว้ และไม่มี SMS แจ้งเตือน พอลองโทรสอบถาม  1351 ก็ไม่ได้รับคำตอบที่ต้องการ ได้แค่แจ้งว่า กรมธรรม์ของคุณไม่อยู่ในเงื่อนไขในการยกเลิกหรือเวนคืน แล้วที่มีข้อมูลขึ้นในแอพ มันไม่ได้สอดคล้องตามข้อมูลจริงหรือยังไงครับ																															",ยกเลิกกรมธรรม์ ของ FWD,/content/pantip_storage/ptopic42348
2327400,"ลูกค้าสามารถเปลี่ยนเบอร์โทรได้โดยทำตามขั้นตอนดังนี้<br />
1. คลิกลิ้งก์ทำรายการผ่าน LINE <a href=""https://liff.line.me/1467096115-MRKo5VqB""  rel=""nofollow"" target=""_blank"" >https://liff.line.me/1467096115-MRKo5VqB</a><br />
2. ยืนยันตัวตนโดยใส่ข้อมูลบัตรประชาชน แนบรูปบัตรประชน และรูปคุณคู่กับบัตรประชาชน<br />
3. ระบุเบอร์โทรใหม่ แล้วใส่ OTP <br />
เพียงเท่านี้ก็สามารถเปลี่ยนเป็นเบอร์ใหม่เพื่อเข้าใช้งานระบบ Omne by FWD ได้แล้วครับ<br />
<br />
เบื้องต้นระบบมีระยะเวลาดำเนินการภายใน 24 ชม. นะครับ","
								 
 
คือผมเปลี่ยนเบอร์ไปแล้ว แต่แอพกับคอลเซ็นเตอร์ ยังส่งsmsเบอร์เก่าอยู่ ต้องทำไงครับ																															",เปลี่ยนเบอร์ที่ปิดไปแล้ว กับ fwd,/content/pantip_storage/ptopic42306
170325,"สวัสดีครับ&nbsp;&nbsp;คุณ&nbsp;&nbsp;&nbsp;&nbsp; สมาชิกหมายเลข 7971257&nbsp;&nbsp;&nbsp;&nbsp;ผมขอโอกาสได้ดูแลสมาชิกก่อนนะครับ&nbsp;&nbsp; <br />
ขออนุญาตติดต่อดูแลทางหลังไมค์ <a href=""https://pantip.com/message/65bfb3a3ca8ead001921b955""  rel=""nofollow"" target=""_blank"" >https://pantip.com/message/65bfb3a3ca8ead001921b955</a> นะครับ<br />
 <br />
<br />
<div style=""text-align: center;""><img class=""img-in-post"" src=""https://f.ptcdn.info/349/072/000/qnealzw4178DjDUloLa-o.jpg"" data-image=""img:486x486"" /></div>","
								ช่วงเดือนธันวา ทรู โทรมาบอกเราได้สิทธิ์พิเศษลงทะเบียนรับประกันชีวิตฟรี30วัน ของ FWD เราลงทะเบียนไปแบบไม่รู้เลยค่ะว่าประกันใันต่ออายุอัตโนมัติ พอครบเดือนมีข้อความแจ้งเข้ามาว่าประกันต่ออายุอัตโนมัติ เราโทรไปเช็คที่ศูนย์ทรูเขาแจ้งว่าเก็บค่าประกันรวมกับค่าโทร 300 กว่าบาท จะยกเลิกก็ต้องโทรไปที่ FWD เอง นี่ติดต่อไปอาทิตย์นึงแล้วไม่มีการติดต่อกลับมาเลยค่ะ ใครมีวิธีช่วยหน่อยค่ะ ช่วงนี้เราไม่มีรายได้ 300 เยอะมากค่ะสำหรับเราตอนนี้ ไม่แน่ใจด้วยค่ะว่ามันจะ 300 จริงมั้ย เครียดมากเลยค่ะ																															",ช่วยด้วยค่ะ! อยากยกเลิกประกัน FWD,/content/pantip_storage/ptopic42501
1400377,คปภ เลยครับ,"
								ช่วงเดือนธันวา ทรู โทรมาบอกเราได้สิทธิ์พิเศษลงทะเบียนรับประกันชีวิตฟรี30วัน ของ FWD เราลงทะเบียนไปแบบไม่รู้เลยค่ะว่าประกันใันต่ออายุอัตโนมัติ พอครบเดือนมีข้อความแจ้งเข้ามาว่าประกันต่ออายุอัตโนมัติ เราโทรไปเช็คที่ศูนย์ทรูเขาแจ้งว่าเก็บค่าประกันรวมกับค่าโทร 300 กว่าบาท จะยกเลิกก็ต้องโทรไปที่ FWD เอง นี่ติดต่อไปอาทิตย์นึงแล้วไม่มีการติดต่อกลับมาเลยค่ะ ใครมีวิธีช่วยหน่อยค่ะ ช่วงนี้เราไม่มีรายได้ 300 เยอะมากค่ะสำหรับเราตอนนี้ ไม่แน่ใจด้วยค่ะว่ามันจะ 300 จริงมั้ย เครียดมากเลยค่ะ																															",ช่วยด้วยค่ะ! อยากยกเลิกประกัน FWD,/content/pantip_storage/ptopic42501
2327400,"แอดมินขออนุญาตประสานงานให้เจ้าหน้าที่ติดต่อกลับนะครับ เพื่อความปลอดภัยของข้อมูล รบกวนแจ้งเบอร์ติดต่อกลับทาง FB ib นะครับ คลิก <a href=""http://m.me/fwdthailand""  rel=""nofollow"" target=""_blank"" >http://m.me/fwdthailand</a>","
								ช่วงเดือนธันวา ทรู โทรมาบอกเราได้สิทธิ์พิเศษลงทะเบียนรับประกันชีวิตฟรี30วัน ของ FWD เราลงทะเบียนไปแบบไม่รู้เลยค่ะว่าประกันใันต่ออายุอัตโนมัติ พอครบเดือนมีข้อความแจ้งเข้ามาว่าประกันต่ออายุอัตโนมัติ เราโทรไปเช็คที่ศูนย์ทรูเขาแจ้งว่าเก็บค่าประกันรวมกับค่าโทร 300 กว่าบาท จะยกเลิกก็ต้องโทรไปที่ FWD เอง นี่ติดต่อไปอาทิตย์นึงแล้วไม่มีการติดต่อกลับมาเลยค่ะ ใครมีวิธีช่วยหน่อยค่ะ ช่วงนี้เราไม่มีรายได้ 300 เยอะมากค่ะสำหรับเราตอนนี้ ไม่แน่ใจด้วยค่ะว่ามันจะ 300 จริงมั้ย เครียดมากเลยค่ะ																															",ช่วยด้วยค่ะ! อยากยกเลิกประกัน FWD,/content/pantip_storage/ptopic42501
6800982,Fwb&nbsp;&nbsp;เขาก็หวังตัวเธอช่วงแรกๆที่ได้ยังไม่เบื่อก็อยากจะมาเจอบ่อยๆมีอะไรกันบ่อยๆเรื่องปกติเดี๋ยวก็เริ่มเบื่อก็หายไปคุณเองก็ควรที่จะมีแฟนเป็นตัวตนดีกว่ามาคบกับคนเพื่อหาคู่นอนเปลืองตัวเปล่าๆหลายคนอยู่ในความสัมพันธ์แบบนี้พอมีแฟนในอนาคตแฟนรู้รับไม่ได้ก็ต้องเลิกกันไม่อยากให้เป็นแบบนั้นตอนนี้เพิ่งจะเริ่มต้นจบความสัมพันธ์แบบนั้นแล้วหาแฟนเป็นตัวตนดีกว่าจะได้ไม่เสียใจภายหลัง,"
								สวัสดีคะ เราต้องขอเล่าตอนแรก เราคุยกับคนนี้มา6ปี มาๆหายๆ หลังจากนั้นเรากลับมาคุยกันจริงๆอีกครั้ง ด้วยความที่เราอยากรู้เลย เลยถามไปเลยว่ารู้สึกไง แต่คำตอบที่ได้มาก็เหมือนไม่ใช่คำตอบอะไร เราก็เลยเลิกคุยเพราะเสียเวลา  และเรากลับมาคุยกันอีกรอบ จากนั้นก็นัดเจอกันครั้งแรก เขาขอเรามีไรด้วย เราไม่ให้ ครั้งที่2เราก็ไม่ให้ จนมีครั้งที่3 เราเลยอ่ะตัดสินใจเล่นๆมาเล่นๆกลับ เพราะไม่ได้คิดไร หลังจากที่เรายอมFWDด้วย เราก็ไม่ได้เสียใจอะไรนะเฉยๆ กลับเป็นเขาที่คอยตามคอยทักหาซ้ำๆ ขนาดเราพูดตรงๆไปแล้ว เพราะเหมือนเค้าไม่ชัดเจนไม่ค่อยตาม แต่หลังจากที่FWDเปลี่ยนเป็นคนละคนเลย ตามกว่าเดิม คืออยากรู้ที่เค้ากลับมาตาม เพราะอะไรหรอคะอยากได้อีก หรืออยากมีอะไรกับเราอีกให้มันพอเฉยๆ ขออนุญาตพูดตรงๆคะ เพราะอยากรู้เหมือนกันแต่ขกถามเจ้าตัว เพราะเราตอนนนี้ไม่ได้รู้สึกแล้ว																															",เคยFWDคนคุยที่คบมา6ปี,/content/pantip_storage/ptopic42293
2040396,มีอะไรกับคุณไม่ต้องเสียเงินซื้อค่ะ,"
								สวัสดีคะ เราต้องขอเล่าตอนแรก เราคุยกับคนนี้มา6ปี มาๆหายๆ หลังจากนั้นเรากลับมาคุยกันจริงๆอีกครั้ง ด้วยความที่เราอยากรู้เลย เลยถามไปเลยว่ารู้สึกไง แต่คำตอบที่ได้มาก็เหมือนไม่ใช่คำตอบอะไร เราก็เลยเลิกคุยเพราะเสียเวลา  และเรากลับมาคุยกันอีกรอบ จากนั้นก็นัดเจอกันครั้งแรก เขาขอเรามีไรด้วย เราไม่ให้ ครั้งที่2เราก็ไม่ให้ จนมีครั้งที่3 เราเลยอ่ะตัดสินใจเล่นๆมาเล่นๆกลับ เพราะไม่ได้คิดไร หลังจากที่เรายอมFWDด้วย เราก็ไม่ได้เสียใจอะไรนะเฉยๆ กลับเป็นเขาที่คอยตามคอยทักหาซ้ำๆ ขนาดเราพูดตรงๆไปแล้ว เพราะเหมือนเค้าไม่ชัดเจนไม่ค่อยตาม แต่หลังจากที่FWDเปลี่ยนเป็นคนละคนเลย ตามกว่าเดิม คืออยากรู้ที่เค้ากลับมาตาม เพราะอะไรหรอคะอยากได้อีก หรืออยากมีอะไรกับเราอีกให้มันพอเฉยๆ ขออนุญาตพูดตรงๆคะ เพราะอยากรู้เหมือนกันแต่ขกถามเจ้าตัว เพราะเราตอนนนี้ไม่ได้รู้สึกแล้ว																															",เคยFWDคนคุยที่คบมา6ปี,/content/pantip_storage/ptopic42293
7607632,ขายประกัน,"
								สวัสดีคะ เราต้องขอเล่าตอนแรก เราคุยกับคนนี้มา6ปี มาๆหายๆ หลังจากนั้นเรากลับมาคุยกันจริงๆอีกครั้ง ด้วยความที่เราอยากรู้เลย เลยถามไปเลยว่ารู้สึกไง แต่คำตอบที่ได้มาก็เหมือนไม่ใช่คำตอบอะไร เราก็เลยเลิกคุยเพราะเสียเวลา  และเรากลับมาคุยกันอีกรอบ จากนั้นก็นัดเจอกันครั้งแรก เขาขอเรามีไรด้วย เราไม่ให้ ครั้งที่2เราก็ไม่ให้ จนมีครั้งที่3 เราเลยอ่ะตัดสินใจเล่นๆมาเล่นๆกลับ เพราะไม่ได้คิดไร หลังจากที่เรายอมFWDด้วย เราก็ไม่ได้เสียใจอะไรนะเฉยๆ กลับเป็นเขาที่คอยตามคอยทักหาซ้ำๆ ขนาดเราพูดตรงๆไปแล้ว เพราะเหมือนเค้าไม่ชัดเจนไม่ค่อยตาม แต่หลังจากที่FWDเปลี่ยนเป็นคนละคนเลย ตามกว่าเดิม คืออยากรู้ที่เค้ากลับมาตาม เพราะอะไรหรอคะอยากได้อีก หรืออยากมีอะไรกับเราอีกให้มันพอเฉยๆ ขออนุญาตพูดตรงๆคะ เพราะอยากรู้เหมือนกันแต่ขกถามเจ้าตัว เพราะเราตอนนนี้ไม่ได้รู้สึกแล้ว																															",เคยFWDคนคุยที่คบมา6ปี,/content/pantip_storage/ptopic42293
856139,คุยกัน 6 ปียังได้แค่นี้ คงไม่มีประโยชน์แล้วล่ะ,"
								สวัสดีคะ เราต้องขอเล่าตอนแรก เราคุยกับคนนี้มา6ปี มาๆหายๆ หลังจากนั้นเรากลับมาคุยกันจริงๆอีกครั้ง ด้วยความที่เราอยากรู้เลย เลยถามไปเลยว่ารู้สึกไง แต่คำตอบที่ได้มาก็เหมือนไม่ใช่คำตอบอะไร เราก็เลยเลิกคุยเพราะเสียเวลา  และเรากลับมาคุยกันอีกรอบ จากนั้นก็นัดเจอกันครั้งแรก เขาขอเรามีไรด้วย เราไม่ให้ ครั้งที่2เราก็ไม่ให้ จนมีครั้งที่3 เราเลยอ่ะตัดสินใจเล่นๆมาเล่นๆกลับ เพราะไม่ได้คิดไร หลังจากที่เรายอมFWDด้วย เราก็ไม่ได้เสียใจอะไรนะเฉยๆ กลับเป็นเขาที่คอยตามคอยทักหาซ้ำๆ ขนาดเราพูดตรงๆไปแล้ว เพราะเหมือนเค้าไม่ชัดเจนไม่ค่อยตาม แต่หลังจากที่FWDเปลี่ยนเป็นคนละคนเลย ตามกว่าเดิม คืออยากรู้ที่เค้ากลับมาตาม เพราะอะไรหรอคะอยากได้อีก หรืออยากมีอะไรกับเราอีกให้มันพอเฉยๆ ขออนุญาตพูดตรงๆคะ เพราะอยากรู้เหมือนกันแต่ขกถามเจ้าตัว เพราะเราตอนนนี้ไม่ได้รู้สึกแล้ว																															",เคยFWDคนคุยที่คบมา6ปี,/content/pantip_storage/ptopic42293
458494,ไม่ควรเป็น fwb ตั้งแต่แรกแล้วเพราะเขาเป็นคนคุย คนคุยจะรู้สึกชอบไม่ได้รู้สึกเป็นเพื่อนครับ,"
								สวัสดีคะ เราต้องขอเล่าตอนแรก เราคุยกับคนนี้มา6ปี มาๆหายๆ หลังจากนั้นเรากลับมาคุยกันจริงๆอีกครั้ง ด้วยความที่เราอยากรู้เลย เลยถามไปเลยว่ารู้สึกไง แต่คำตอบที่ได้มาก็เหมือนไม่ใช่คำตอบอะไร เราก็เลยเลิกคุยเพราะเสียเวลา  และเรากลับมาคุยกันอีกรอบ จากนั้นก็นัดเจอกันครั้งแรก เขาขอเรามีไรด้วย เราไม่ให้ ครั้งที่2เราก็ไม่ให้ จนมีครั้งที่3 เราเลยอ่ะตัดสินใจเล่นๆมาเล่นๆกลับ เพราะไม่ได้คิดไร หลังจากที่เรายอมFWDด้วย เราก็ไม่ได้เสียใจอะไรนะเฉยๆ กลับเป็นเขาที่คอยตามคอยทักหาซ้ำๆ ขนาดเราพูดตรงๆไปแล้ว เพราะเหมือนเค้าไม่ชัดเจนไม่ค่อยตาม แต่หลังจากที่FWDเปลี่ยนเป็นคนละคนเลย ตามกว่าเดิม คืออยากรู้ที่เค้ากลับมาตาม เพราะอะไรหรอคะอยากได้อีก หรืออยากมีอะไรกับเราอีกให้มันพอเฉยๆ ขออนุญาตพูดตรงๆคะ เพราะอยากรู้เหมือนกันแต่ขกถามเจ้าตัว เพราะเราตอนนนี้ไม่ได้รู้สึกแล้ว																															",เคยFWDคนคุยที่คบมา6ปี,/content/pantip_storage/ptopic42293
2327400,"แอดมินขออนุญาตประสานงานให้เจ้าหน้าที่ติดต่อกลับนะครับ เพื่อความปลอดภัยของข้อมูล รบกวนแจ้งเบอร์ติดต่อกลับทาง FB ib นะครับ คลิก <a href=""http://m.me/fwdthailand""  rel=""nofollow"" target=""_blank"" >http://m.me/fwdthailand</a>","
								ประกัน fwd แบบเหมาจ่าย  ที่ว่า 3 ล้าน 6 ล้าน 12 ล้าน  แล้วถ้าเราเป็นอะไรเข้าโรงพยาบาล ทางประกันจะเหมาจ่ายทั้งหมดจริงไหมคะ
ถ้าต้อง ฟอกไต  มะเร็งฉายแสง  ผ่าตัดทุกอย่าง  คือรวมแล้ว ไม่เกินที่เราทำแบบเหมาจ่าย																															",ประกัน FWD แบบเหมาจ่าย,/content/pantip_storage/ptopic42252
8086628,"ของ FWD เป็นการเหมาจ่ายตามจริงค่ะ ทุกโรค ไม่ว่าจะผ่าตัดเล็ก/ใหญ่ รักษาได้ตามวงเงินที่เราเลือกค่ะ <br />
หากจะให้ครอบคลุมการรักษาโรคร้ายแรงด้วย แนะนำเป็นแผนเหมาจ่าย 6 ล้านขึ้นไปค่ะ <br />
จะมีสิทธิพิเศษอื่นๆ เพิ่มเติมเข้ามา เช่น ตรวจพบ 3 โรคร้ายแรงรับเงินก้อน และเพิ่มค่าห้องค่าอาหารในการนอนรักษาตัวด้วยค่ะ","
								ประกัน fwd แบบเหมาจ่าย  ที่ว่า 3 ล้าน 6 ล้าน 12 ล้าน  แล้วถ้าเราเป็นอะไรเข้าโรงพยาบาล ทางประกันจะเหมาจ่ายทั้งหมดจริงไหมคะ
ถ้าต้อง ฟอกไต  มะเร็งฉายแสง  ผ่าตัดทุกอย่าง  คือรวมแล้ว ไม่เกินที่เราทำแบบเหมาจ่าย																															",ประกัน FWD แบบเหมาจ่าย,/content/pantip_storage/ptopic42252
460509,อย่าลืมดูทุนประกันละ,"
								คืออยากทราบค่ะ ว่าความสัมพันธ์แบบfwdนี่เราสามารถมีได้กี่คนคะ																															",ความสัมพันธ์fwd,/content/pantip_storage/ptopic42059
7200801,"แจ้งให้ทราบนะคะ คืออยากทราบเฉยๆค่ะ<br />
ไม่ได้คิดจะมีค่ะ","
								คืออยากทราบค่ะ ว่าความสัมพันธ์แบบfwdนี่เราสามารถมีได้กี่คนคะ																															",ความสัมพันธ์fwd,/content/pantip_storage/ptopic42059
686839,"*fwb นะคะ พิมพ์ผิดตัวเดียวความหมายเปลี่ยนเลย 5555<br />
ตอบ : แล้วแต่จะตกลงกันค่ะ แต่ถ้าอยากเซฟตัวเอง แนะนำให้ตั้งเงื่อนไขไปเลยว่าห้ามนอนกับคนอื่น","
								คืออยากทราบค่ะ ว่าความสัมพันธ์แบบfwdนี่เราสามารถมีได้กี่คนคะ																															",ความสัมพันธ์fwd,/content/pantip_storage/ptopic42059
3573238,แล้วแต่ตกลง,"
								คืออยากทราบค่ะ ว่าความสัมพันธ์แบบfwdนี่เราสามารถมีได้กี่คนคะ																															",ความสัมพันธ์fwd,/content/pantip_storage/ptopic42059
6717713,"หาข้อมูลตามนี้<br />
<a href=""https://www.fwd.co.th/th/""  rel=""nofollow"" target=""_blank"" >https://www.fwd.co.th/th/</a>","
								คืออยากทราบค่ะ ว่าความสัมพันธ์แบบfwdนี่เราสามารถมีได้กี่คนคะ																															",ความสัมพันธ์fwd,/content/pantip_storage/ptopic42059
6800982,ส่วนใหญ่ก็มีแค่คนเดียวถ้ามากกว่านั้นเรียกกิ๊กมากกว่า,"
								คืออยากทราบค่ะ ว่าความสัมพันธ์แบบfwdนี่เราสามารถมีได้กี่คนคะ																															",ความสัมพันธ์fwd,/content/pantip_storage/ptopic42059
8086628,"ญาขอให้ความคิดเห็นว่าดีนะคะ ด้วยเหตุผล ดังนี้<br />
1. ค่าเบี้ยคงที่ตลอดสัญญา<br />
2. ส่งแค่ 20 ปี คุ้มครองนานไปจนถึงอายุ 90 ปี<br />
3. ยิ่งทำตอนอายุน้อย ค่าเบี้ยยิ่งถูก<br />
4. ครบสัญญาได้รับเงินคืน (หากทำตอนอายุน้อย ได้คืนมากกว่าที่ส่งไปจำนวนมาก ดีกว่าดอกเบี้ยเงินฝาก)<br />
5. ระหว่างสัญญา สามารถกู้เงินมาใช้ได้<br />
6. ยกเลิกระหว่างสัญญา ค่าเบี้ยที่ส่งไปไม่เสียเปล่า ยังได้รับเงินเวรคืนกรมธรรม์<br />
7. สามารถซื้อสัญญาเพิ่มเติมอื่นๆ ได้อีกด้วย เช่น สัญญาโรคร้ายแรง สัญญาชดเชยนอนโรงพยาบาล<br />
ลองศึกษาและพิจารณาดูนะคะ เป็นกำลังใจให้ค่ะ","
								ประกันFWD																															",บริษัทประกันFWDดีไหมค่ะแบบมรดก20/90,/content/pantip_storage/ptopic42419
2327400,"แอดมินขออนุญาตประสานงานให้เจ้าหน้าที่ติดต่อกลับนะครับ เพื่อความปลอดภัยของข้อมูล รบกวนแจ้งเบอร์ติดต่อกลับทาง FB ib นะครับ คลิก <a href=""http://m.me/fwdthailand""  rel=""nofollow"" target=""_blank"" >http://m.me/fwdthailand</a>","
								เมื่อวาน (05.01.24) มีบริษัทจากธนาคารSCB โทรมาเสนอการโครงการฝากเงิน เราก็เข้าใจว่าเป็นการเปิดบัญชีเงินฝากโดยถามย้ำแล้วว่าไม่ใช่พวกประกันใช่ไหม พอตกลงทำและชำระงวดแรกไปเรียบร้อยแล้วถึงรู้ว่าเป็นประกันเลยตัดสินใจจะยกเลิก วันนี้(06.01.24) ได้โทรหาcc1351 FWD (ใช้เวลาโทรและกดเลขบัตรปชชหลายรอบประมาณ10นาทีได้ถึงจะไดเคุยกับเจ้าหน้าที่ เพราะพึ่งสมัครทำให้ยังไม่มีข้อมูลในระบบ) แต่ข้อมูลกรมธรรม์ของเรายังไม่ขึ้นในระบบเจ้าหน้าที่บอกจะขึ้นภายในวันอังคาร เจ้าหน้าที่ก็เลยจะรับเรื่องแล้วส่งต่อไปให้ฝ่ายขายแล้วจะติดต่อกลับมาอีกทีภายในอาทิตย์หน้า เดี๋ยวจะมาอัพเดทเรื่อยๆจนกว่าจะได้เงินคืนไว้เผื่อมีคนโดนและหาวิธียกเลิกค่ะ																															",โดนหลอก ทำประกันของFWD ร่วมกับ SCB Protect,/content/pantip_storage/ptopic42442
528154,สวัสดีค่ะ คุณ สมาชิกหมายเลข 7923182 เพื่อให้ธนาคารตรวจสอบข้อมูลบริการเพิ่มเติม รบกวนแจ้งรายละเอียดผ่านช่องทางหลังไมค์ โดยการคลิกที่ SCB Thailand ด้านล่าง เมื่อเข้าไปแล้วเลือกเมนู &quot;ส่งข้อความ&quot; ได้เลยค่ะ,"
								เมื่อวาน (05.01.24) มีบริษัทจากธนาคารSCB โทรมาเสนอการโครงการฝากเงิน เราก็เข้าใจว่าเป็นการเปิดบัญชีเงินฝากโดยถามย้ำแล้วว่าไม่ใช่พวกประกันใช่ไหม พอตกลงทำและชำระงวดแรกไปเรียบร้อยแล้วถึงรู้ว่าเป็นประกันเลยตัดสินใจจะยกเลิก วันนี้(06.01.24) ได้โทรหาcc1351 FWD (ใช้เวลาโทรและกดเลขบัตรปชชหลายรอบประมาณ10นาทีได้ถึงจะไดเคุยกับเจ้าหน้าที่ เพราะพึ่งสมัครทำให้ยังไม่มีข้อมูลในระบบ) แต่ข้อมูลกรมธรรม์ของเรายังไม่ขึ้นในระบบเจ้าหน้าที่บอกจะขึ้นภายในวันอังคาร เจ้าหน้าที่ก็เลยจะรับเรื่องแล้วส่งต่อไปให้ฝ่ายขายแล้วจะติดต่อกลับมาอีกทีภายในอาทิตย์หน้า เดี๋ยวจะมาอัพเดทเรื่อยๆจนกว่าจะได้เงินคืนไว้เผื่อมีคนโดนและหาวิธียกเลิกค่ะ																															",โดนหลอก ทำประกันของFWD ร่วมกับ SCB Protect,/content/pantip_storage/ptopic42442
1400377,แจ้ง คปภ ครับ,"
								เมื่อวาน (05.01.24) มีบริษัทจากธนาคารSCB โทรมาเสนอการโครงการฝากเงิน เราก็เข้าใจว่าเป็นการเปิดบัญชีเงินฝากโดยถามย้ำแล้วว่าไม่ใช่พวกประกันใช่ไหม พอตกลงทำและชำระงวดแรกไปเรียบร้อยแล้วถึงรู้ว่าเป็นประกันเลยตัดสินใจจะยกเลิก วันนี้(06.01.24) ได้โทรหาcc1351 FWD (ใช้เวลาโทรและกดเลขบัตรปชชหลายรอบประมาณ10นาทีได้ถึงจะไดเคุยกับเจ้าหน้าที่ เพราะพึ่งสมัครทำให้ยังไม่มีข้อมูลในระบบ) แต่ข้อมูลกรมธรรม์ของเรายังไม่ขึ้นในระบบเจ้าหน้าที่บอกจะขึ้นภายในวันอังคาร เจ้าหน้าที่ก็เลยจะรับเรื่องแล้วส่งต่อไปให้ฝ่ายขายแล้วจะติดต่อกลับมาอีกทีภายในอาทิตย์หน้า เดี๋ยวจะมาอัพเดทเรื่อยๆจนกว่าจะได้เงินคืนไว้เผื่อมีคนโดนและหาวิธียกเลิกค่ะ																															",โดนหลอก ทำประกันของFWD ร่วมกับ SCB Protect,/content/pantip_storage/ptopic42442
2933266,ทำไมชอบหลอกให้ทำประกัน อยากขายประกันทำไมไม่พูดตรงๆเลย&nbsp;&nbsp;อย่ามาในรูปแบบเงินฝากได้มั้ย,"
								เมื่อวาน (05.01.24) มีบริษัทจากธนาคารSCB โทรมาเสนอการโครงการฝากเงิน เราก็เข้าใจว่าเป็นการเปิดบัญชีเงินฝากโดยถามย้ำแล้วว่าไม่ใช่พวกประกันใช่ไหม พอตกลงทำและชำระงวดแรกไปเรียบร้อยแล้วถึงรู้ว่าเป็นประกันเลยตัดสินใจจะยกเลิก วันนี้(06.01.24) ได้โทรหาcc1351 FWD (ใช้เวลาโทรและกดเลขบัตรปชชหลายรอบประมาณ10นาทีได้ถึงจะไดเคุยกับเจ้าหน้าที่ เพราะพึ่งสมัครทำให้ยังไม่มีข้อมูลในระบบ) แต่ข้อมูลกรมธรรม์ของเรายังไม่ขึ้นในระบบเจ้าหน้าที่บอกจะขึ้นภายในวันอังคาร เจ้าหน้าที่ก็เลยจะรับเรื่องแล้วส่งต่อไปให้ฝ่ายขายแล้วจะติดต่อกลับมาอีกทีภายในอาทิตย์หน้า เดี๋ยวจะมาอัพเดทเรื่อยๆจนกว่าจะได้เงินคืนไว้เผื่อมีคนโดนและหาวิธียกเลิกค่ะ																															",โดนหลอก ทำประกันของFWD ร่วมกับ SCB Protect,/content/pantip_storage/ptopic42442
117074,"ร้องเรียน คปภ<br />
<a href=""https://www.oic.or.th/th/consumer/contact""  rel=""nofollow"" target=""_blank"" >https://www.oic.or.th/th/consumer/contact</a><br />
<img class=""img-in-post"" src=""https://f.ptcdn.info/474/082/000/s4ts6y1hd17jAdw49jZ1x-o.jpg"" data-image=""img:642x527"" /><br />
<br />
ร้องเรียนธนาคารแห่งประเทศไทย<br />
<a href=""https://www.bot.or.th/th/helps-complaints.html""  rel=""nofollow"" target=""_blank"" >https://www.bot.or.th/th/helps-complaints.html</a><img class=""img-in-post"" src=""https://f.ptcdn.info/394/082/000/s4fiy3gdsd35Sv3r0OSa-o.jpg"" data-image=""img:1774x836"" />","
								เมื่อวาน (05.01.24) มีบริษัทจากธนาคารSCB โทรมาเสนอการโครงการฝากเงิน เราก็เข้าใจว่าเป็นการเปิดบัญชีเงินฝากโดยถามย้ำแล้วว่าไม่ใช่พวกประกันใช่ไหม พอตกลงทำและชำระงวดแรกไปเรียบร้อยแล้วถึงรู้ว่าเป็นประกันเลยตัดสินใจจะยกเลิก วันนี้(06.01.24) ได้โทรหาcc1351 FWD (ใช้เวลาโทรและกดเลขบัตรปชชหลายรอบประมาณ10นาทีได้ถึงจะไดเคุยกับเจ้าหน้าที่ เพราะพึ่งสมัครทำให้ยังไม่มีข้อมูลในระบบ) แต่ข้อมูลกรมธรรม์ของเรายังไม่ขึ้นในระบบเจ้าหน้าที่บอกจะขึ้นภายในวันอังคาร เจ้าหน้าที่ก็เลยจะรับเรื่องแล้วส่งต่อไปให้ฝ่ายขายแล้วจะติดต่อกลับมาอีกทีภายในอาทิตย์หน้า เดี๋ยวจะมาอัพเดทเรื่อยๆจนกว่าจะได้เงินคืนไว้เผื่อมีคนโดนและหาวิธียกเลิกค่ะ																															",โดนหลอก ทำประกันของFWD ร่วมกับ SCB Protect,/content/pantip_storage/ptopic42442
365488,อย่ายอมครับ พวกนี้ได้ใจ,"
								เมื่อวาน (05.01.24) มีบริษัทจากธนาคารSCB โทรมาเสนอการโครงการฝากเงิน เราก็เข้าใจว่าเป็นการเปิดบัญชีเงินฝากโดยถามย้ำแล้วว่าไม่ใช่พวกประกันใช่ไหม พอตกลงทำและชำระงวดแรกไปเรียบร้อยแล้วถึงรู้ว่าเป็นประกันเลยตัดสินใจจะยกเลิก วันนี้(06.01.24) ได้โทรหาcc1351 FWD (ใช้เวลาโทรและกดเลขบัตรปชชหลายรอบประมาณ10นาทีได้ถึงจะไดเคุยกับเจ้าหน้าที่ เพราะพึ่งสมัครทำให้ยังไม่มีข้อมูลในระบบ) แต่ข้อมูลกรมธรรม์ของเรายังไม่ขึ้นในระบบเจ้าหน้าที่บอกจะขึ้นภายในวันอังคาร เจ้าหน้าที่ก็เลยจะรับเรื่องแล้วส่งต่อไปให้ฝ่ายขายแล้วจะติดต่อกลับมาอีกทีภายในอาทิตย์หน้า เดี๋ยวจะมาอัพเดทเรื่อยๆจนกว่าจะได้เงินคืนไว้เผื่อมีคนโดนและหาวิธียกเลิกค่ะ																															",โดนหลอก ทำประกันของFWD ร่วมกับ SCB Protect,/content/pantip_storage/ptopic42442
6939219,เจ้านี้โทรมาตื้อเก่งมาก,"
								เมื่อวาน (05.01.24) มีบริษัทจากธนาคารSCB โทรมาเสนอการโครงการฝากเงิน เราก็เข้าใจว่าเป็นการเปิดบัญชีเงินฝากโดยถามย้ำแล้วว่าไม่ใช่พวกประกันใช่ไหม พอตกลงทำและชำระงวดแรกไปเรียบร้อยแล้วถึงรู้ว่าเป็นประกันเลยตัดสินใจจะยกเลิก วันนี้(06.01.24) ได้โทรหาcc1351 FWD (ใช้เวลาโทรและกดเลขบัตรปชชหลายรอบประมาณ10นาทีได้ถึงจะไดเคุยกับเจ้าหน้าที่ เพราะพึ่งสมัครทำให้ยังไม่มีข้อมูลในระบบ) แต่ข้อมูลกรมธรรม์ของเรายังไม่ขึ้นในระบบเจ้าหน้าที่บอกจะขึ้นภายในวันอังคาร เจ้าหน้าที่ก็เลยจะรับเรื่องแล้วส่งต่อไปให้ฝ่ายขายแล้วจะติดต่อกลับมาอีกทีภายในอาทิตย์หน้า เดี๋ยวจะมาอัพเดทเรื่อยๆจนกว่าจะได้เงินคืนไว้เผื่อมีคนโดนและหาวิธียกเลิกค่ะ																															",โดนหลอก ทำประกันของFWD ร่วมกับ SCB Protect,/content/pantip_storage/ptopic42442
7923543,คนไหนทีโดนโกงเทรดหุ้นหรื่อว่าโดนโกงเงินออนไลน์เราอยากมาเเชร์ประสบกาณ์นะหน่วยงานนี้เขาช่วยกู้ยอดเงินกลับมาได้นะเลยอยากมาเเนะนำช่วยเหลือเพื่อประเทศเรานะหากสนใจแอดไลน์ไอดีดูนะหน่วยงานนี้นะ 0806267028kk,"
								เมื่อวาน (05.01.24) มีบริษัทจากธนาคารSCB โทรมาเสนอการโครงการฝากเงิน เราก็เข้าใจว่าเป็นการเปิดบัญชีเงินฝากโดยถามย้ำแล้วว่าไม่ใช่พวกประกันใช่ไหม พอตกลงทำและชำระงวดแรกไปเรียบร้อยแล้วถึงรู้ว่าเป็นประกันเลยตัดสินใจจะยกเลิก วันนี้(06.01.24) ได้โทรหาcc1351 FWD (ใช้เวลาโทรและกดเลขบัตรปชชหลายรอบประมาณ10นาทีได้ถึงจะไดเคุยกับเจ้าหน้าที่ เพราะพึ่งสมัครทำให้ยังไม่มีข้อมูลในระบบ) แต่ข้อมูลกรมธรรม์ของเรายังไม่ขึ้นในระบบเจ้าหน้าที่บอกจะขึ้นภายในวันอังคาร เจ้าหน้าที่ก็เลยจะรับเรื่องแล้วส่งต่อไปให้ฝ่ายขายแล้วจะติดต่อกลับมาอีกทีภายในอาทิตย์หน้า เดี๋ยวจะมาอัพเดทเรื่อยๆจนกว่าจะได้เงินคืนไว้เผื่อมีคนโดนและหาวิธียกเลิกค่ะ																															",โดนหลอก ทำประกันของFWD ร่วมกับ SCB Protect,/content/pantip_storage/ptopic42442
3033370,เพิ่งโดนเลยค่ะ โทรไปขอยกเลิกเมื่อวันก่อน เซงมากๆ,"
								เมื่อวาน (05.01.24) มีบริษัทจากธนาคารSCB โทรมาเสนอการโครงการฝากเงิน เราก็เข้าใจว่าเป็นการเปิดบัญชีเงินฝากโดยถามย้ำแล้วว่าไม่ใช่พวกประกันใช่ไหม พอตกลงทำและชำระงวดแรกไปเรียบร้อยแล้วถึงรู้ว่าเป็นประกันเลยตัดสินใจจะยกเลิก วันนี้(06.01.24) ได้โทรหาcc1351 FWD (ใช้เวลาโทรและกดเลขบัตรปชชหลายรอบประมาณ10นาทีได้ถึงจะไดเคุยกับเจ้าหน้าที่ เพราะพึ่งสมัครทำให้ยังไม่มีข้อมูลในระบบ) แต่ข้อมูลกรมธรรม์ของเรายังไม่ขึ้นในระบบเจ้าหน้าที่บอกจะขึ้นภายในวันอังคาร เจ้าหน้าที่ก็เลยจะรับเรื่องแล้วส่งต่อไปให้ฝ่ายขายแล้วจะติดต่อกลับมาอีกทีภายในอาทิตย์หน้า เดี๋ยวจะมาอัพเดทเรื่อยๆจนกว่าจะได้เงินคืนไว้เผื่อมีคนโดนและหาวิธียกเลิกค่ะ																															",โดนหลอก ทำประกันของFWD ร่วมกับ SCB Protect,/content/pantip_storage/ptopic42442
3033370,เพิ่งโดนเลยค่ะ โทรไปขอยกเลิกเมื่อวันก่อน เซงมากๆ,"
								เมื่อวาน (05.01.24) มีบริษัทจากธนาคารSCB โทรมาเสนอการโครงการฝากเงิน เราก็เข้าใจว่าเป็นการเปิดบัญชีเงินฝากโดยถามย้ำแล้วว่าไม่ใช่พวกประกันใช่ไหม พอตกลงทำและชำระงวดแรกไปเรียบร้อยแล้วถึงรู้ว่าเป็นประกันเลยตัดสินใจจะยกเลิก วันนี้(06.01.24) ได้โทรหาcc1351 FWD (ใช้เวลาโทรและกดเลขบัตรปชชหลายรอบประมาณ10นาทีได้ถึงจะไดเคุยกับเจ้าหน้าที่ เพราะพึ่งสมัครทำให้ยังไม่มีข้อมูลในระบบ) แต่ข้อมูลกรมธรรม์ของเรายังไม่ขึ้นในระบบเจ้าหน้าที่บอกจะขึ้นภายในวันอังคาร เจ้าหน้าที่ก็เลยจะรับเรื่องแล้วส่งต่อไปให้ฝ่ายขายแล้วจะติดต่อกลับมาอีกทีภายในอาทิตย์หน้า เดี๋ยวจะมาอัพเดทเรื่อยๆจนกว่าจะได้เงินคืนไว้เผื่อมีคนโดนและหาวิธียกเลิกค่ะ																															",โดนหลอก ทำประกันของFWD ร่วมกับ SCB Protect,/content/pantip_storage/ptopic42442
7923182,อัพเดทค่ะ ได้เลขกรมธรรม์เรียบร้อยแล้วทางsms เลยโทรไปทาง1351เผื่อยกเลิก เค้าบอกจะส่งเรื่องให้ฝ่าที่เกี่ยวข้องโทรมาบอกวิธีการยกเลิกภายใน1-2วันหลังจากวันนี้ ตอนเรารอสายเราได้ยินว่าสามารถเข้าไปยกเลิกผ่านแอพได้เลยลองเข้าไปดูแต่ก็ไม่กล้าทำในนี้เลยว่าจะรอทาบนั้นโทรมาก่อน,"
								เมื่อวาน (05.01.24) มีบริษัทจากธนาคารSCB โทรมาเสนอการโครงการฝากเงิน เราก็เข้าใจว่าเป็นการเปิดบัญชีเงินฝากโดยถามย้ำแล้วว่าไม่ใช่พวกประกันใช่ไหม พอตกลงทำและชำระงวดแรกไปเรียบร้อยแล้วถึงรู้ว่าเป็นประกันเลยตัดสินใจจะยกเลิก วันนี้(06.01.24) ได้โทรหาcc1351 FWD (ใช้เวลาโทรและกดเลขบัตรปชชหลายรอบประมาณ10นาทีได้ถึงจะไดเคุยกับเจ้าหน้าที่ เพราะพึ่งสมัครทำให้ยังไม่มีข้อมูลในระบบ) แต่ข้อมูลกรมธรรม์ของเรายังไม่ขึ้นในระบบเจ้าหน้าที่บอกจะขึ้นภายในวันอังคาร เจ้าหน้าที่ก็เลยจะรับเรื่องแล้วส่งต่อไปให้ฝ่ายขายแล้วจะติดต่อกลับมาอีกทีภายในอาทิตย์หน้า เดี๋ยวจะมาอัพเดทเรื่อยๆจนกว่าจะได้เงินคืนไว้เผื่อมีคนโดนและหาวิธียกเลิกค่ะ																															",โดนหลอก ทำประกันของFWD ร่วมกับ SCB Protect,/content/pantip_storage/ptopic42442
4992036,"เป็นยังไงบ้างคะ ยกเลิกได้มั้ย ได้เงินคืนมั้ย<br />
เราเพิ่งโดนไปสดๆร้อนๆ 🥲","
								เมื่อวาน (05.01.24) มีบริษัทจากธนาคารSCB โทรมาเสนอการโครงการฝากเงิน เราก็เข้าใจว่าเป็นการเปิดบัญชีเงินฝากโดยถามย้ำแล้วว่าไม่ใช่พวกประกันใช่ไหม พอตกลงทำและชำระงวดแรกไปเรียบร้อยแล้วถึงรู้ว่าเป็นประกันเลยตัดสินใจจะยกเลิก วันนี้(06.01.24) ได้โทรหาcc1351 FWD (ใช้เวลาโทรและกดเลขบัตรปชชหลายรอบประมาณ10นาทีได้ถึงจะไดเคุยกับเจ้าหน้าที่ เพราะพึ่งสมัครทำให้ยังไม่มีข้อมูลในระบบ) แต่ข้อมูลกรมธรรม์ของเรายังไม่ขึ้นในระบบเจ้าหน้าที่บอกจะขึ้นภายในวันอังคาร เจ้าหน้าที่ก็เลยจะรับเรื่องแล้วส่งต่อไปให้ฝ่ายขายแล้วจะติดต่อกลับมาอีกทีภายในอาทิตย์หน้า เดี๋ยวจะมาอัพเดทเรื่อยๆจนกว่าจะได้เงินคืนไว้เผื่อมีคนโดนและหาวิธียกเลิกค่ะ																															",โดนหลอก ทำประกันของFWD ร่วมกับ SCB Protect,/content/pantip_storage/ptopic42442
7923182,อัพเดทค่ะ หลังจากส่งเรื่องไปแล้ว วันที่10ทางตัวแทนก็โทรมาคุยและพูดโน้มน้าวไม่ให้ยกเลิกประกัน เราก็พูดว่าจะยกเลิกๆเค้าก็ยังไม่ยอมให้ยกเลิกให้กลับไปคิดและพน.มาคุยกันใหม่ พอถัดไปอีกวันเค้าก็โทรมาและยื้อเราเหใือนเดิมไม่ให้ยกเลิกแต่คราวนี้เรายืนยันที่จะยกเลิก พนง.คนนี้ก็เสียงเปลี่ยนทันทีจากที่อธิบายอะไรยาวๆยืดเยื้อกลายเป็นไม่อธิบายวิธียกเลิกอะไรเลยแค่บอกให้เราไปยกเลิกด้วยตนเองในแอพomneหรือส่งมาทีเมล์(บอกชื่อเมล์เร็วมากจนเราจดไม่ทัน)และไม่ได้บอกว่าถ้าทางเมล์ต้องส่งเอกสารอะไรบ้างหรือว่าตะได้เฃินคืนไหมได้เท่าไหร่อะไรไม่มีเลย บอกแค่นั้นแล้วรีบตัดจบว่างสายทันที แถมยังพูดในเชิงโทษเราอีกว่าเราทำให้เค้าเสียประวัติเนื่องจากไม่คิดให้ดีก่อนทำแล้วยกเลิกเค้าเสียเครดิตอะไรทำนองนี้ เราเลยไปถามแอดมินในแชทเฟสแล้วก็ดำเนินยกเลิกเองผ่านแอพ(วันที่11) มาวันนี้ได้รับเมล์ว่าไม่สามารถดำเนินการยกเลิกได้เพราะยังไม่ยืนยันตัวตนในลิ้งค์smsที่ส่งมาเมื่อตอนได้เลขกรมธรรน์ เลยโทรไปหาccจึงได้คำตอบว่าให้ยืนยันตัวตนก่อนแล้วก็ยกเลิกในแอพตามขั้นตอนแบบเดิมค่ะ,"
								เมื่อวาน (05.01.24) มีบริษัทจากธนาคารSCB โทรมาเสนอการโครงการฝากเงิน เราก็เข้าใจว่าเป็นการเปิดบัญชีเงินฝากโดยถามย้ำแล้วว่าไม่ใช่พวกประกันใช่ไหม พอตกลงทำและชำระงวดแรกไปเรียบร้อยแล้วถึงรู้ว่าเป็นประกันเลยตัดสินใจจะยกเลิก วันนี้(06.01.24) ได้โทรหาcc1351 FWD (ใช้เวลาโทรและกดเลขบัตรปชชหลายรอบประมาณ10นาทีได้ถึงจะไดเคุยกับเจ้าหน้าที่ เพราะพึ่งสมัครทำให้ยังไม่มีข้อมูลในระบบ) แต่ข้อมูลกรมธรรม์ของเรายังไม่ขึ้นในระบบเจ้าหน้าที่บอกจะขึ้นภายในวันอังคาร เจ้าหน้าที่ก็เลยจะรับเรื่องแล้วส่งต่อไปให้ฝ่ายขายแล้วจะติดต่อกลับมาอีกทีภายในอาทิตย์หน้า เดี๋ยวจะมาอัพเดทเรื่อยๆจนกว่าจะได้เงินคืนไว้เผื่อมีคนโดนและหาวิธียกเลิกค่ะ																															",โดนหลอก ทำประกันของFWD ร่วมกับ SCB Protect,/content/pantip_storage/ptopic42442
4992036,อัพเดตส่วนของเรานะคะ มีจดหมายแจ้งยกเลิกใบคำขอเอากประกันพร้อมเชคส่งมาให้แล้วค่ะ ในแอปยังขึ้นดำเนินการอยู่ แต่คิดว่าน่าจะยกเลิกเรียบร้อยแล้ว,"
								เมื่อวาน (05.01.24) มีบริษัทจากธนาคารSCB โทรมาเสนอการโครงการฝากเงิน เราก็เข้าใจว่าเป็นการเปิดบัญชีเงินฝากโดยถามย้ำแล้วว่าไม่ใช่พวกประกันใช่ไหม พอตกลงทำและชำระงวดแรกไปเรียบร้อยแล้วถึงรู้ว่าเป็นประกันเลยตัดสินใจจะยกเลิก วันนี้(06.01.24) ได้โทรหาcc1351 FWD (ใช้เวลาโทรและกดเลขบัตรปชชหลายรอบประมาณ10นาทีได้ถึงจะไดเคุยกับเจ้าหน้าที่ เพราะพึ่งสมัครทำให้ยังไม่มีข้อมูลในระบบ) แต่ข้อมูลกรมธรรม์ของเรายังไม่ขึ้นในระบบเจ้าหน้าที่บอกจะขึ้นภายในวันอังคาร เจ้าหน้าที่ก็เลยจะรับเรื่องแล้วส่งต่อไปให้ฝ่ายขายแล้วจะติดต่อกลับมาอีกทีภายในอาทิตย์หน้า เดี๋ยวจะมาอัพเดทเรื่อยๆจนกว่าจะได้เงินคืนไว้เผื่อมีคนโดนและหาวิธียกเลิกค่ะ																															",โดนหลอก ทำประกันของFWD ร่วมกับ SCB Protect,/content/pantip_storage/ptopic42442
7923182,อัพเดทสุดท้ายค่ะ หลังจากที่ทำยกเลิกรอบ2ในแอพแล้ว จนท.ก็ติดต่อมาว่าส่งเรื่องมาซ้ำทำให้อาจจะหลุดเรื่องการรับเงินคืนได้แต่เดี๋ยวจะส่งเรื่องยืนยันให้แล้วให้เราทำการส่งเรื่องยกเลิกพร้อมสำเนาบัตรปชชไปในเมล์ หลังจากที่ส่งเมล์แล้วก็มีsmsยืนยันยกเลิกจากfwd วันต่อมาให้แอพก็ขึ้นการเรียบร้อย และวันนี้24/1 ได้รับเงินคืนเรียบร้อยผ่านทางบัญชีที่เรากรอกตอนส่งเรื่องยกเลิกในแอพ ขอบคุณทุกกระทู้ที่เขียนรีวิววิธีการและเจ้าหน้าที่ที่ช่วยเหลือค่ะ,"
								เมื่อวาน (05.01.24) มีบริษัทจากธนาคารSCB โทรมาเสนอการโครงการฝากเงิน เราก็เข้าใจว่าเป็นการเปิดบัญชีเงินฝากโดยถามย้ำแล้วว่าไม่ใช่พวกประกันใช่ไหม พอตกลงทำและชำระงวดแรกไปเรียบร้อยแล้วถึงรู้ว่าเป็นประกันเลยตัดสินใจจะยกเลิก วันนี้(06.01.24) ได้โทรหาcc1351 FWD (ใช้เวลาโทรและกดเลขบัตรปชชหลายรอบประมาณ10นาทีได้ถึงจะไดเคุยกับเจ้าหน้าที่ เพราะพึ่งสมัครทำให้ยังไม่มีข้อมูลในระบบ) แต่ข้อมูลกรมธรรม์ของเรายังไม่ขึ้นในระบบเจ้าหน้าที่บอกจะขึ้นภายในวันอังคาร เจ้าหน้าที่ก็เลยจะรับเรื่องแล้วส่งต่อไปให้ฝ่ายขายแล้วจะติดต่อกลับมาอีกทีภายในอาทิตย์หน้า เดี๋ยวจะมาอัพเดทเรื่อยๆจนกว่าจะได้เงินคืนไว้เผื่อมีคนโดนและหาวิธียกเลิกค่ะ																															",โดนหลอก ทำประกันของFWD ร่วมกับ SCB Protect,/content/pantip_storage/ptopic42442
7960694,อยากยกเลิกเหมือนกันคะ แต่สมัครสมาชิกเข้าแอพไม่ได้ ในแอพขึ้นว่าไม่พบข้อมูล คือต้องรอส่งเล่มก่อนใช่ไหมคะ,"
								เมื่อวาน (05.01.24) มีบริษัทจากธนาคารSCB โทรมาเสนอการโครงการฝากเงิน เราก็เข้าใจว่าเป็นการเปิดบัญชีเงินฝากโดยถามย้ำแล้วว่าไม่ใช่พวกประกันใช่ไหม พอตกลงทำและชำระงวดแรกไปเรียบร้อยแล้วถึงรู้ว่าเป็นประกันเลยตัดสินใจจะยกเลิก วันนี้(06.01.24) ได้โทรหาcc1351 FWD (ใช้เวลาโทรและกดเลขบัตรปชชหลายรอบประมาณ10นาทีได้ถึงจะไดเคุยกับเจ้าหน้าที่ เพราะพึ่งสมัครทำให้ยังไม่มีข้อมูลในระบบ) แต่ข้อมูลกรมธรรม์ของเรายังไม่ขึ้นในระบบเจ้าหน้าที่บอกจะขึ้นภายในวันอังคาร เจ้าหน้าที่ก็เลยจะรับเรื่องแล้วส่งต่อไปให้ฝ่ายขายแล้วจะติดต่อกลับมาอีกทีภายในอาทิตย์หน้า เดี๋ยวจะมาอัพเดทเรื่อยๆจนกว่าจะได้เงินคืนไว้เผื่อมีคนโดนและหาวิธียกเลิกค่ะ																															",โดนหลอก ทำประกันของFWD ร่วมกับ SCB Protect,/content/pantip_storage/ptopic42442
7325399,เราก็พึ่งโดนค่ะ เมื่อกี้เลย,"
								เมื่อวาน (05.01.24) มีบริษัทจากธนาคารSCB โทรมาเสนอการโครงการฝากเงิน เราก็เข้าใจว่าเป็นการเปิดบัญชีเงินฝากโดยถามย้ำแล้วว่าไม่ใช่พวกประกันใช่ไหม พอตกลงทำและชำระงวดแรกไปเรียบร้อยแล้วถึงรู้ว่าเป็นประกันเลยตัดสินใจจะยกเลิก วันนี้(06.01.24) ได้โทรหาcc1351 FWD (ใช้เวลาโทรและกดเลขบัตรปชชหลายรอบประมาณ10นาทีได้ถึงจะไดเคุยกับเจ้าหน้าที่ เพราะพึ่งสมัครทำให้ยังไม่มีข้อมูลในระบบ) แต่ข้อมูลกรมธรรม์ของเรายังไม่ขึ้นในระบบเจ้าหน้าที่บอกจะขึ้นภายในวันอังคาร เจ้าหน้าที่ก็เลยจะรับเรื่องแล้วส่งต่อไปให้ฝ่ายขายแล้วจะติดต่อกลับมาอีกทีภายในอาทิตย์หน้า เดี๋ยวจะมาอัพเดทเรื่อยๆจนกว่าจะได้เงินคืนไว้เผื่อมีคนโดนและหาวิธียกเลิกค่ะ																															",โดนหลอก ทำประกันของFWD ร่วมกับ SCB Protect,/content/pantip_storage/ptopic42442
6487358,เราสมัคร SCB Protect FWD&nbsp;&nbsp;ไป ซื้อผ่านการขายช่องทาง Telesales แต่กำลังจะยกเลิกค่ะ เนื่องจากการสื่อสารและการรับรู้ข้อมูลที่ไม่ตรงกัน&nbsp;&nbsp;ตอนสมัครคิดว่าถามข้อมูลครบแล้วเเต่มามีปัญหาทีหลังค่ะ&nbsp;&nbsp;ซึ่งการบริการหลังการขายก็ไม่ดีพอ การประสานงานแย่มากค่ะ ล่าสุดมีตัดสายใส่ลูกค้าค่ะ แนะนำไปที่อื่นดีกว่าค่ะ ที่ผ่านมาถือว่าจ่ายเพื่อนเรียนรู้ค่ะ,"
								เมื่อวาน (05.01.24) มีบริษัทจากธนาคารSCB โทรมาเสนอการโครงการฝากเงิน เราก็เข้าใจว่าเป็นการเปิดบัญชีเงินฝากโดยถามย้ำแล้วว่าไม่ใช่พวกประกันใช่ไหม พอตกลงทำและชำระงวดแรกไปเรียบร้อยแล้วถึงรู้ว่าเป็นประกันเลยตัดสินใจจะยกเลิก วันนี้(06.01.24) ได้โทรหาcc1351 FWD (ใช้เวลาโทรและกดเลขบัตรปชชหลายรอบประมาณ10นาทีได้ถึงจะไดเคุยกับเจ้าหน้าที่ เพราะพึ่งสมัครทำให้ยังไม่มีข้อมูลในระบบ) แต่ข้อมูลกรมธรรม์ของเรายังไม่ขึ้นในระบบเจ้าหน้าที่บอกจะขึ้นภายในวันอังคาร เจ้าหน้าที่ก็เลยจะรับเรื่องแล้วส่งต่อไปให้ฝ่ายขายแล้วจะติดต่อกลับมาอีกทีภายในอาทิตย์หน้า เดี๋ยวจะมาอัพเดทเรื่อยๆจนกว่าจะได้เงินคืนไว้เผื่อมีคนโดนและหาวิธียกเลิกค่ะ																															",โดนหลอก ทำประกันของFWD ร่วมกับ SCB Protect,/content/pantip_storage/ptopic42442
2327400,"แอดมินขออนุญาตประสานงานให้เจ้าหน้าที่ติดต่อกลับนะครับ เพื่อความปลอดภัยของข้อมูล รบกวนแจ้งเบอร์ติดต่อกลับทาง FB ib นะครับ คลิก <a href=""http://m.me/fwdthailand""  rel=""nofollow"" target=""_blank"" >http://m.me/fwdthailand</a>","
								ขอสอบถามหน่อยครับว่าเราสามารถ ขอติดต่อขอเปลี่ยนขอมูลของผู้รับผลประโยชน์ ของประกัน FWD ได้ทางไหนบ้างครับ																															",สามารถเปลี่ยนแปลงผู้รับผลประโยชน์  FWD ได้ไหม,/content/pantip_storage/ptopic42634
8086628,"กรณีต้องการเปลี่ยนแปลงชื่อผู้รับผลประโยชน์ สามารถทำได้ค่ะ <br />
หากทำประกันกับตัวแทน สามารถแจ้งตัวแทนให้ดำเนินการให้ได้เลยค่ะ ^_^<br />
หากไม่ได้ทำผ่านตัวแทน สามารถโทร 1351 ได้ค่ะ","
								ขอสอบถามหน่อยครับว่าเราสามารถ ขอติดต่อขอเปลี่ยนขอมูลของผู้รับผลประโยชน์ ของประกัน FWD ได้ทางไหนบ้างครับ																															",สามารถเปลี่ยนแปลงผู้รับผลประโยชน์  FWD ได้ไหม,/content/pantip_storage/ptopic42634
244632,ถ้าทำผ่านตัวแทนก็แจ้งตัวแทนเลยครับ แต่ถ้าทำตรงกับบริษัท ก็เห็นบริษัทมาคอมเมนท์แล้วเนอะ,"
								ขอสอบถามหน่อยครับว่าเราสามารถ ขอติดต่อขอเปลี่ยนขอมูลของผู้รับผลประโยชน์ ของประกัน FWD ได้ทางไหนบ้างครับ																															",สามารถเปลี่ยนแปลงผู้รับผลประโยชน์  FWD ได้ไหม,/content/pantip_storage/ptopic42634
2327400,"แอดมินขออนุญาตประสานงานให้เจ้าหน้าที่ติดต่อกลับนะครับ เพื่อความปลอดภัยของข้อมูล รบกวนแจ้งเบอร์ติดต่อกลับทาง FB ib นะครับ คลิก <a href=""http://m.me/fwdthailand""  rel=""nofollow"" target=""_blank"" >http://m.me/fwdthailand</a>","
								อยากจะยกเลิกประกัน fwd แต่ยังไม่ได้เล่มกรมธรรม์ สามารถทำได้เลยมั้ย เจ้าหน้าที่ติดต่อมาจะส่งเลขกรมธรรม์ไปให้ แต่เราขอยกเลิก บอกจะติดต่อกลับ ยังไม่ติดต่อกลับมาเลย เราต้องรอกี่วันคะ																															",ยกเลิกประกัน FWD,/content/pantip_storage/ptopic42203
7727389,ยกเลิกได้ยังครับ มีอะไรให้ผมแนะนำไหมครับ,"
								อยากจะยกเลิกประกัน fwd แต่ยังไม่ได้เล่มกรมธรรม์ สามารถทำได้เลยมั้ย เจ้าหน้าที่ติดต่อมาจะส่งเลขกรมธรรม์ไปให้ แต่เราขอยกเลิก บอกจะติดต่อกลับ ยังไม่ติดต่อกลับมาเลย เราต้องรอกี่วันคะ																															",ยกเลิกประกัน FWD,/content/pantip_storage/ptopic42203
4805969,ยกเลิกยังไงครับบอกบุญผมที&nbsp;&nbsp;ผมยังไม่ได้เลขกรรมธรรม์ครับ,"
								อยากจะยกเลิกประกัน fwd แต่ยังไม่ได้เล่มกรมธรรม์ สามารถทำได้เลยมั้ย เจ้าหน้าที่ติดต่อมาจะส่งเลขกรมธรรม์ไปให้ แต่เราขอยกเลิก บอกจะติดต่อกลับ ยังไม่ติดต่อกลับมาเลย เราต้องรอกี่วันคะ																															",ยกเลิกประกัน FWD,/content/pantip_storage/ptopic42203
4805969,ยกเลิกยังไงครับกรณีนี้,"
								อยากจะยกเลิกประกัน fwd แต่ยังไม่ได้เล่มกรมธรรม์ สามารถทำได้เลยมั้ย เจ้าหน้าที่ติดต่อมาจะส่งเลขกรมธรรม์ไปให้ แต่เราขอยกเลิก บอกจะติดต่อกลับ ยังไม่ติดต่อกลับมาเลย เราต้องรอกี่วันคะ																															",ยกเลิกประกัน FWD,/content/pantip_storage/ptopic42203
1400377,ให้ตัวแทนไปตามครับ,"
								ยื่นเรื่องเคลมประกันสุขภาพไปตั้งแต่วันที่ 5 วันนี้วันที่ 9 แล้ว ยังเงียบอยู่เลย ขึ้นแต่กำลังดำเนินการ ทำไมนานจัง ???																															",ประกัน FWD,/content/pantip_storage/ptopic42633
2327400,"แอดมินขออนุญาตประสานงานให้เจ้าหน้าที่ติดต่อกลับนะครับ เพื่อความปลอดภัยของข้อมูล รบกวนแจ้งเบอร์ติดต่อกลับทาง FB ib นะครับ คลิก <a href=""http://m.me/fwdthailand""  rel=""nofollow"" target=""_blank"" >http://m.me/fwdthailand</a>","
								ยื่นเรื่องเคลมประกันสุขภาพไปตั้งแต่วันที่ 5 วันนี้วันที่ 9 แล้ว ยังเงียบอยู่เลย ขึ้นแต่กำลังดำเนินการ ทำไมนานจัง ???																															",ประกัน FWD,/content/pantip_storage/ptopic42633
2327400,"แอดมินขออนุญาตประสานงานให้เจ้าหน้าที่ติดต่อกลับนะครับ เพื่อความปลอดภัยของข้อมูล รบกวนแจ้งเบอร์ติดต่อกลับทาง FB ib นะครับ คลิก <a href=""http://m.me/fwdthailand""  rel=""nofollow"" target=""_blank"" >http://m.me/fwdthailand</a>","
								ตอนแรกผมมีประกัน10/10อยู่แล้ว แต่เมื่อวานมีคนโทรมาขายตัว14/24บอกให้จ่ายต่อจากตัวเก่าผมก็ตกลงซื้อ แต่พอซื้อเสร็จพนักงานทวนสิธทให้ฟังอีกรอบคือพูดเร็วมากฟังไม่ทัน แต่เหมือนจะได้ยินว่าไม่เกี่ยวกับตัวเก่า อนากรู้สอยถามที่ไหนได้																																	   แก้ไขข้อความเมื่อ   
							",สอบถามประกันfwd,/content/pantip_storage/ptopic42580
473876,ถ้าหลวมตัวแล้วตอนได้รับกรมธรรม์ลองอ่านดูครับ ถ้าไม่ตรงกับที่เข้าใจก็ยกเลิกได้ภายใน 15 วัน,"
								ตอนแรกผมมีประกัน10/10อยู่แล้ว แต่เมื่อวานมีคนโทรมาขายตัว14/24บอกให้จ่ายต่อจากตัวเก่าผมก็ตกลงซื้อ แต่พอซื้อเสร็จพนักงานทวนสิธทให้ฟังอีกรอบคือพูดเร็วมากฟังไม่ทัน แต่เหมือนจะได้ยินว่าไม่เกี่ยวกับตัวเก่า อนากรู้สอยถามที่ไหนได้																																	   แก้ไขข้อความเมื่อ   
							",สอบถามประกันfwd,/content/pantip_storage/ptopic42580
8086628,หากได้รับเล่มกรมธรรม์แล้ว ลองอ่านดูนะคะว่า ความคุ้มครองในเล่ม ตรงกับความคุ้มครองที่เราเข้าใจหรือไม่ หากไม่ตรงกันสามารถติดต่อตัวแทน หรือ call center 1351 ยกเลิกได้ภายใน 15 วันค่ะ,"
								ตอนแรกผมมีประกัน10/10อยู่แล้ว แต่เมื่อวานมีคนโทรมาขายตัว14/24บอกให้จ่ายต่อจากตัวเก่าผมก็ตกลงซื้อ แต่พอซื้อเสร็จพนักงานทวนสิธทให้ฟังอีกรอบคือพูดเร็วมากฟังไม่ทัน แต่เหมือนจะได้ยินว่าไม่เกี่ยวกับตัวเก่า อนากรู้สอยถามที่ไหนได้																																	   แก้ไขข้อความเมื่อ   
							",สอบถามประกันfwd,/content/pantip_storage/ptopic42580
2327400,"แอดมินขออนุญาตประสานงานให้เจ้าหน้าที่ติดต่อกลับนะครับ เพื่อความปลอดภัยของข้อมูล รบกวนแจ้งเบอร์ติดต่อกลับทาง FB ib นะครับ คลิก <a href=""http://m.me/fwdthailand""  rel=""nofollow"" target=""_blank"" >http://m.me/fwdthailand</a>","
								ต้องการยกเลิกประกันของ fwd ทำการเวนคืนทางออนไลน์ไปแล้ว 
แต่ยังมี sms แจ้งมาให้จ่ายเบี้ยประกัน 
ต้องทำงัยต่อค่ะ																															",ต้องการยกเลิกประกันของ fwd,/content/pantip_storage/ptopic42117
2327400,"แอดมินขออนุญาตประสานงานให้เจ้าหน้าที่ติดต่อกลับนะครับ เพื่อความปลอดภัยของข้อมูล รบกวนแจ้งเบอร์ติดต่อกลับทาง FB ib นะครับ คลิก <a href=""http://m.me/fwdthailand""  rel=""nofollow"" target=""_blank"" >http://m.me/fwdthailand</a>","
								ยื่นเคลม อนุมัติสินไหมทดแทน ระบุวันเงินเข้า แต่เงินยังไม่เข้า แล้วมีเมลส่งมาว่าเคลมครั้งนี้ไม่จ่ายสินไหมทดแทน สรุปยังไง 
พอโทรไปคอลเซนเตอร์ก็บอกอนุมัติเงินเข้าบัญชีนี้ๆ~ ยังเงินก็ยังไม่เข้า																															",ปัญหา ประกัน FWD,/content/pantip_storage/ptopic42504
2327400,"แอดมินขออนุญาตประสานงานให้เจ้าหน้าที่ติดต่อกลับนะครับ เพื่อความปลอดภัยของข้อมูล รบกวนแจ้งเบอร์ติดต่อกลับทาง FB ib นะครับ คลิก <a href=""http://m.me/fwdthailand""  rel=""nofollow"" target=""_blank"" >http://m.me/fwdthailand</a>","
								พอดีส่งเรื่องเคลมประกันสุขภาพ กี่วันเงินเข้าค่ะ ขึ้นอนุมัติ ในแอปขึ้นจ่ายแล้ว แต่เงินยังไม่เห็นเข้า																															",ประกัน FWD,/content/pantip_storage/ptopic42503
2327400,"แอดมินขออนุญาตประสานงานให้เจ้าหน้าที่ติดต่อกลับนะครับ เพื่อความปลอดภัยของข้อมูล รบกวนแจ้งเบอร์ติดต่อกลับทาง FB ib นะครับ คลิก <a href=""http://m.me/fwdthailand""  rel=""nofollow"" target=""_blank"" >http://m.me/fwdthailand</a>","
								Fwdเราส่งเรื่องเคลมประกันชีวิตไป21ส.ค.8วันต่อมามีจดหมายมาว่าขอเวลา30วันพอครบ30วันก็มีจม.มาขอเวลาอีก30วัน​ ทำไมตรวจสอบนานจังเลยคะ																															",ประกันชีวิตfwd,/content/pantip_storage/ptopic42270
704961,ได้ครับ สะดวกสุดก็น่าจะทางแอพ Omne,"
								สามารถเปลี่ยนบัญชีหักเงินอัตโนมัติ เป็นบัญชีอื่นได้มั้ยค่ะ																															",FWD เปลี่ยนบัญชีหักเงินอัตโนมัติ,/content/pantip_storage/ptopic42318
2327400,"แอดมินขออนุญาตประสานงานให้เจ้าหน้าที่ติดต่อกลับนะครับ เพื่อความปลอดภัยของข้อมูล รบกวนแจ้งเบอร์ติดต่อกลับทาง FB ib นะครับ คลิก <a href=""http://m.me/fwdthailand""  rel=""nofollow"" target=""_blank"" >http://m.me/fwdthailand</a>","
								สามารถเปลี่ยนบัญชีหักเงินอัตโนมัติ เป็นบัญชีอื่นได้มั้ยค่ะ																															",FWD เปลี่ยนบัญชีหักเงินอัตโนมัติ,/content/pantip_storage/ptopic42318
8086628,"สามารถเปลี่ยนได้ค่ะ หากทำประกันกับตัวแทน แจ้งตัวแทนดำเนินการได้เลยค่ะ <br />
หากไม่ได้ทำผ่านตัวแทนสามารถดำเนินการผ่านแอป Omne หรือโทร 1351 ได้เลยค่ะ","
								สามารถเปลี่ยนบัญชีหักเงินอัตโนมัติ เป็นบัญชีอื่นได้มั้ยค่ะ																															",FWD เปลี่ยนบัญชีหักเงินอัตโนมัติ,/content/pantip_storage/ptopic42318
528154,สวัสดีค่ะ คุณสมาชิกหมายเลข 6490883 หากทำรายการจ่ายบิลสำเร็จ รายการชำระมียอดหักเงินออกจากบัญชี สำหรับการตรวจสอบรายการชำระเบี้ยประกัน เรียนแนะนำท่าติดต่อไปยัง FWD Call Center 1351 ติดต่อได้ทุกวัน เวลา 8.00 - 20.00 น. ซึ่งจะเป็นหน่วยงานที่สามารถให้รายละเอียดที่ชัดเจนโดยตรงนะคะ,"
								ทำประกันของ FWD เป็นชื่อพ่อ และน้องชายเป็นผู้เอาประกัน ทาง FWD ส่งจดหมายมาให้จ่ายค่าประกัน พ่อเลยโอนเงินให้เราจ่ายให้ เราไม่ได้ไปจ่ายที่ธนาคาร เราก็เลยแสกนคิวอาร์โค้ดในบิลแล้วจ่ายไป แต่ก็กังวลใจว่าเงินจะเข้าไปแล้วหรือยัง เลยอยากจะเช็คดูว่าเงินที่เราจ่ายค่าประกันจะเข้าระบบมั้ย																															",จะเช็คว่าจ่ายค่าประกันหรือยังของ FWD,/content/pantip_storage/ptopic42127
704961,จำได้ว่า FWD ก็มีแอพอยู่นะครับ โหลดใน Apple Store หรือ Play Store มาเช็คสถานะกรมธรรม์​ได้เลย,"
								ทำประกันของ FWD เป็นชื่อพ่อ และน้องชายเป็นผู้เอาประกัน ทาง FWD ส่งจดหมายมาให้จ่ายค่าประกัน พ่อเลยโอนเงินให้เราจ่ายให้ เราไม่ได้ไปจ่ายที่ธนาคาร เราก็เลยแสกนคิวอาร์โค้ดในบิลแล้วจ่ายไป แต่ก็กังวลใจว่าเงินจะเข้าไปแล้วหรือยัง เลยอยากจะเช็คดูว่าเงินที่เราจ่ายค่าประกันจะเข้าระบบมั้ย																															",จะเช็คว่าจ่ายค่าประกันหรือยังของ FWD,/content/pantip_storage/ptopic42127
2327400,"สวัสดีครับ แอดมินขออนุญาตแนะนำ Omne มีบริการที่ครอบคลุมเพื่อคุณ ไม่ว่าจะเป็นยื่นเคลมออนไลน์ หรือจัดการกรมธรรม์ของคุณ เราพัฒนาบริการที่ทำให้การประกันภัยรวดเร็วขึ้นและง่ายขึ้น พร้อมด้วยเนื้อหาความบันเทิงและกิจกรรมต่างๆ ที่จะทำให้คุณบรรลุเป้าหมายในแบบของคุณเอง<br />
<br />
ดาวน์โหลดเพื่อลองใช้งานได้ที่ <a href=""https://www.omne.com/download/?utm_source=adminfacebook&amp;utm_medium=social""  rel=""nofollow"" target=""_blank"" >https://www.omne.com/download/?utm_source=adminfacebook&amp;utm_medium=social</a>","
								ทำประกันของ FWD เป็นชื่อพ่อ และน้องชายเป็นผู้เอาประกัน ทาง FWD ส่งจดหมายมาให้จ่ายค่าประกัน พ่อเลยโอนเงินให้เราจ่ายให้ เราไม่ได้ไปจ่ายที่ธนาคาร เราก็เลยแสกนคิวอาร์โค้ดในบิลแล้วจ่ายไป แต่ก็กังวลใจว่าเงินจะเข้าไปแล้วหรือยัง เลยอยากจะเช็คดูว่าเงินที่เราจ่ายค่าประกันจะเข้าระบบมั้ย																															",จะเช็คว่าจ่ายค่าประกันหรือยังของ FWD,/content/pantip_storage/ptopic42127
2327400,"แอดมินขออนุญาตประสานงานให้เจ้าหน้าที่ติดต่อกลับนะครับ เพื่อความปลอดภัยของข้อมูล รบกวนแจ้งเบอร์ติดต่อกลับทาง FB ib นะครับ คลิก <a href=""http://m.me/fwdthailand""  rel=""nofollow"" target=""_blank"" >http://m.me/fwdthailand</a>","
								ทำไมประกันที่ผมทำถึงยกเลิกยากครับ แล้วเขาบอกว่าไม่ผ่านเกณฑ์  เป็นประกัน ที่ทำผ่านโทรศัพท์ 
แล้วมีการบอกผมว่าถ้ายกเลิก ภายใน 30 วันจะสามารถทำได้ แต่เมื่อผมลองทำก็ทำไม่ได้ครับ 
ทั้งที่ มีฟังก์ชั่นการยกเลิกในแอพ แต่ก็ยกเลิกไม่ได้ เขาจะทำฟังก์ชั่นนี้มาทำไมครับ

ก็คืออยากให้ผมเสียตังทำไปเรื่อยๆ ตลอดชีพ งี้ป่าวครับ ทำไมเขาทำธุรกิจกันแบบนั้นละครับ  ผมนี่ งง มากโทรไปยกเลิกแต่ในระบบ 
ไม่มีให้ยกเลิกผ่านโทรศัพท์ แบบนี้ผมต้องติดต่อใครครับเนี่ย แล้วส่งอีเมลล์มาแค่นี้ ต้องไปต่อยังไง 
เจอวิถี คนไม่อยากบริการให้แล้วถ้าเป็นแบบนี้ ผมจะยกเลิกทุกตัวของ FWD ไปเลย ดีไหมครับทุกคน ดูแวว เริ่มมีปัญหาตั้งแต่แรกๆ แล้วแบบนี้ต่อไปจนครบสัญญาจะเวิร์คหรอครับเนี่ย 

																															",ทำไม FWD ถึงยกเลิกยากครับ,/content/pantip_storage/ptopic42619
6518656,"คุนจะ fwb มันมีเงื่อนไข<br />
<br />
1) คุนต้องสวย หล่อ ในระดับที่อีกฝ่ายรับได้<br />
<br />
2) คุนต้องรู้ ว่าตัวคุนหาได้ดืกว่าอีกฝ่ายแน่ๆ<br />
<br />
ดูทรงคุนแล้ว คุนทำไม่ได้หรอก แนะนำว่าอย่าเลย เจ็บตัวเจ็บใจเปล่าๆ","
								เราอยากรู้ว่าคนที่อยู่ในความสัมพันธ์แบบนี้ต้องคิดยังไงต้องรู้สึกยังไง
ส่วนตัวเรา มีปัญหาเรื่องความคิด เพราะคิดว่าเราอ้วนเราอายในรูปร่างตัวเอง
เลยไม่กล้ามีอะไรกับแฟนทุกคนที่ผ่านมา ตอนนี้อายุ28 เต็มที่ก็แค่จูบ มันข้ามไปจุดนั้นไม่ได้เพราะกลัวเค้าผิดหวัง แต่เรากลับมีความคิดว่า ถ้าเป็นรูปแบบfwd เราจะกล้ามากกว่าเรารู้สึกว่าความสัมพันธ์แบบนี้ไม่ได้คาดหวังอะไรแค่ต้องการมีอะไรกันแล้วก็จบไป กินข้าวดูหนังฟังเพลงแก้เหงาเหมือนเป็นที่ระบายแก้เหงาให้ของกันและกัน เราไม่รู้เราเข้าใจถูกไหม ทุกคนคิดว่าเราควรลองมั้ย																															",อยากลองความ สัมพันธ์แบบfwd,/content/pantip_storage/ptopic42609
7832692,เคย​มี​ความ​สัมพันธ์​แบบ​นี้​เหมือนกัน​ต่างคน​ต่าง​ทำ​งาน​เวลา​คิดถึง​กัน​ก็​มา​เจอกัน​กินข้าว​กัน​มร​เซ็กซ์​กัน​สำหรับ​เรา​โอเค​นะ​ถ้า​ไม่​อยาก​ผูก​มัด​กัน​แค่​คบ​เป็นเพื่อน​เป็น​คู่นอน​กัน​แต่​ต่าง​ฝ่าย​ต้อง​โสด​นะ​,"
								เราอยากรู้ว่าคนที่อยู่ในความสัมพันธ์แบบนี้ต้องคิดยังไงต้องรู้สึกยังไง
ส่วนตัวเรา มีปัญหาเรื่องความคิด เพราะคิดว่าเราอ้วนเราอายในรูปร่างตัวเอง
เลยไม่กล้ามีอะไรกับแฟนทุกคนที่ผ่านมา ตอนนี้อายุ28 เต็มที่ก็แค่จูบ มันข้ามไปจุดนั้นไม่ได้เพราะกลัวเค้าผิดหวัง แต่เรากลับมีความคิดว่า ถ้าเป็นรูปแบบfwd เราจะกล้ามากกว่าเรารู้สึกว่าความสัมพันธ์แบบนี้ไม่ได้คาดหวังอะไรแค่ต้องการมีอะไรกันแล้วก็จบไป กินข้าวดูหนังฟังเพลงแก้เหงาเหมือนเป็นที่ระบายแก้เหงาให้ของกันและกัน เราไม่รู้เราเข้าใจถูกไหม ทุกคนคิดว่าเราควรลองมั้ย																															",อยากลองความ สัมพันธ์แบบfwd,/content/pantip_storage/ptopic42609
6830878,ทำให้ตัวเองดูดี,"
								เราอยากรู้ว่าคนที่อยู่ในความสัมพันธ์แบบนี้ต้องคิดยังไงต้องรู้สึกยังไง
ส่วนตัวเรา มีปัญหาเรื่องความคิด เพราะคิดว่าเราอ้วนเราอายในรูปร่างตัวเอง
เลยไม่กล้ามีอะไรกับแฟนทุกคนที่ผ่านมา ตอนนี้อายุ28 เต็มที่ก็แค่จูบ มันข้ามไปจุดนั้นไม่ได้เพราะกลัวเค้าผิดหวัง แต่เรากลับมีความคิดว่า ถ้าเป็นรูปแบบfwd เราจะกล้ามากกว่าเรารู้สึกว่าความสัมพันธ์แบบนี้ไม่ได้คาดหวังอะไรแค่ต้องการมีอะไรกันแล้วก็จบไป กินข้าวดูหนังฟังเพลงแก้เหงาเหมือนเป็นที่ระบายแก้เหงาให้ของกันและกัน เราไม่รู้เราเข้าใจถูกไหม ทุกคนคิดว่าเราควรลองมั้ย																															",อยากลองความ สัมพันธ์แบบfwd,/content/pantip_storage/ptopic42609
7632509,"ออกกำลังกาย ทำไอเอฟ&nbsp;&nbsp;คุมแคล<br />
<br />
รักตัวเอง<br />
<br />
ทำตัวเองให้ดูดีขึ้น หอมขึ้น...","
								เราอยากรู้ว่าคนที่อยู่ในความสัมพันธ์แบบนี้ต้องคิดยังไงต้องรู้สึกยังไง
ส่วนตัวเรา มีปัญหาเรื่องความคิด เพราะคิดว่าเราอ้วนเราอายในรูปร่างตัวเอง
เลยไม่กล้ามีอะไรกับแฟนทุกคนที่ผ่านมา ตอนนี้อายุ28 เต็มที่ก็แค่จูบ มันข้ามไปจุดนั้นไม่ได้เพราะกลัวเค้าผิดหวัง แต่เรากลับมีความคิดว่า ถ้าเป็นรูปแบบfwd เราจะกล้ามากกว่าเรารู้สึกว่าความสัมพันธ์แบบนี้ไม่ได้คาดหวังอะไรแค่ต้องการมีอะไรกันแล้วก็จบไป กินข้าวดูหนังฟังเพลงแก้เหงาเหมือนเป็นที่ระบายแก้เหงาให้ของกันและกัน เราไม่รู้เราเข้าใจถูกไหม ทุกคนคิดว่าเราควรลองมั้ย																															",อยากลองความ สัมพันธ์แบบfwd,/content/pantip_storage/ptopic42609
528154,สวัสดีค่ะ คุณนักโพสแห่งPantip ธนาคารเป็นเพียงนายหน้าผู้ชี้ช่องให้ทำประกันภัยเท่านั้น สำหรับการรับประกันภัยเป็นไปตามเงื่อนไข และหลักเกณฑ์ของ บริษัท เอฟดับบลิวดี ประกันชีวิต จำกัด (มหาชน) ค่ะ,"
								ทำประกัน fwd ผ่าน scb ท่าสมมุติ fwd เป็นอ่ะไรไป scb รับผิดชอบผลประโยชน์เราต่อไหมครับหรือscbเป็นแค่นายหน้า ขอบคุณครับ																															",ทำประกัน fwd ผ่าน scb,/content/pantip_storage/ptopic42621
2327400,"แอดมินขออนุญาตประสานงานให้เจ้าหน้าที่ติดต่อกลับนะครับ เพื่อความปลอดภัยของข้อมูล รบกวนแจ้งเบอร์ติดต่อกลับทาง FB ib นะครับ คลิก <a href=""http://m.me/fwdthailand""  rel=""nofollow"" target=""_blank"" >http://m.me/fwdthailand</a>","
								ทำประกัน fwd ผ่าน scb ท่าสมมุติ fwd เป็นอ่ะไรไป scb รับผิดชอบผลประโยชน์เราต่อไหมครับหรือscbเป็นแค่นายหน้า ขอบคุณครับ																															",ทำประกัน fwd ผ่าน scb,/content/pantip_storage/ptopic42621
8086628,"คุณพี่สบายใจได้เลยค่ะ เพราะ FWD มีทุนจดทะเบียนสูงสุด เป็นอันดับ 1 ในเหล่าบรรดาบริษัทประกัน นั่นหมายถึง ความมั่นคงด้านการเงิน ที่มีเงินทุนหมุนเวียนในบริษัทกว่า 3หมื่นล้านบาทค่ะ ^_^<br />
และยังได้รับรางวัลอีกมากมายเลยค่ะ","
								ทำประกัน fwd ผ่าน scb ท่าสมมุติ fwd เป็นอ่ะไรไป scb รับผิดชอบผลประโยชน์เราต่อไหมครับหรือscbเป็นแค่นายหน้า ขอบคุณครับ																															",ทำประกัน fwd ผ่าน scb,/content/pantip_storage/ptopic42621
244632,"SCB เป็นแค่นายหน้าครับ แต่จากประสบการณ์ บริษัทประกันชีวิตถ้าจะเจ๊งนี่คือต้องพังพินาศมากๆ ครับ ถึงจะเจ๊ง ไม่เหมือนประกันวินาศภัยครับ <br />
<br />
ส่วนหน่วยงานที่จะรับผิดชอบถ้าเกิดบังเอิญว่า ประกันชีวิตปิดตัว ก็คือ คปภ. ครับ จะมีหน่วยงานที่เรียกว่า กองทุนประกันฯ หน่วยงานนี้จะเข้ามาดูแล และชำระค่าเสียหายให้ครับ","
								ทำประกัน fwd ผ่าน scb ท่าสมมุติ fwd เป็นอ่ะไรไป scb รับผิดชอบผลประโยชน์เราต่อไหมครับหรือscbเป็นแค่นายหน้า ขอบคุณครับ																															",ทำประกัน fwd ผ่าน scb,/content/pantip_storage/ptopic42621
6912551,แล้วก็ บอกให้ยืนยัน บอกเลยไม่ยืนยัน เราGUUUนี้ ไม่ต้องการทำ ไม่ไปยืนยัน ไม่ต้องการทำๆ ไม่ต้องการทำๆ ไม่ต้องการทำๆ เลยไม่ไปยืนยัน SMS อะไรทั้งนั้นเข้าใจหรือไม่?????&nbsp;&nbsp;เสียเวลาชีวิตมากกกกกกกกกก,"
								SCB/FWD เราต้องการให้คูณยกเลิก แต่ทำไมไม่ยกเลิก?  กรมธรรม์ ที่โทรมาขายประกันออนไลน์ คูณต้องการเงินของเรามากเลยหรอกหรือต้องไปแจ้งความ? ทนรอ 2 อาทิ แต่ไม่ยกเลิกให้โทรก็ไม่เคยโทรกลับ ต้องโทรไปหาเอง  แล้วก็แอพอะ ไม่ได้ต้องการสมัคร บังคับให้สมัคร อีกขอเลขบัตรประชาชนอีกไม่ได้อยากทำของพวกคุณเลย  																															",SCB/FWD เราต้องการให้คูณ ยกเลิกแต่ทำไมไม่ยกเลิก?,/content/pantip_storage/ptopic42368
528154,"สวัสดีค่ะ คุณสมาชิกหมายเลข 6912551 สามารถสอบถามข้อมูลเพิ่มเติมเกี่ยวกับความคุ้มครอง หรือติดตามขอยกเลิกกรมธรรม์ได้ที่<br />
โทร. 1351 (ตั้งแต่เวลา 8.00-20.00 น.)<br />
แชตกับฟี่ ได้ทางเว็บไซต์ : www.fwd.co.th หรือ LINE @FWDThailand<br />
ฝากข้อความผ่านแบบฟอร์มบนเว็บไซต์ : www.fwd.co.th<br />
ติดต่อสอบถามผ่านทางอีเมล : customer.th@fwd.com","
								SCB/FWD เราต้องการให้คูณยกเลิก แต่ทำไมไม่ยกเลิก?  กรมธรรม์ ที่โทรมาขายประกันออนไลน์ คูณต้องการเงินของเรามากเลยหรอกหรือต้องไปแจ้งความ? ทนรอ 2 อาทิ แต่ไม่ยกเลิกให้โทรก็ไม่เคยโทรกลับ ต้องโทรไปหาเอง  แล้วก็แอพอะ ไม่ได้ต้องการสมัคร บังคับให้สมัคร อีกขอเลขบัตรประชาชนอีกไม่ได้อยากทำของพวกคุณเลย  																															",SCB/FWD เราต้องการให้คูณ ยกเลิกแต่ทำไมไม่ยกเลิก?,/content/pantip_storage/ptopic42368
6912551,ก็ ติดต่อ ขอยกเลิกไปแล้วไง แต่พวกคูณไม่ยอบยกเลิกให้ บอกให้ไปยืนยัน ในSMSก็ให้ไปทำเรื่องยกเลิกในแอบ Omne ของคูณเราก็สมัครแล้วยกเลิก แล้วยังจะมาให้ไปยืนยันในSMSอีก แล้ว&nbsp;&nbsp;&nbsp;ก็เคยโทรไปแล้วว่าไม่ทำ แล้วพูดวนให้ทำอยู่นั้น ยืนยันว่าไม่ทำ&nbsp;&nbsp;กรมธรรม์ นี้ ต้องการยกเลิก เรานี้ต้องเป็นคนโทรไปแจ้งคนตัวเดียว พวกคูณไม่เคยโทรมาเลยนอกจากตอน โทรมาหลอกขายเท่านั้น,"
								SCB/FWD เราต้องการให้คูณยกเลิก แต่ทำไมไม่ยกเลิก?  กรมธรรม์ ที่โทรมาขายประกันออนไลน์ คูณต้องการเงินของเรามากเลยหรอกหรือต้องไปแจ้งความ? ทนรอ 2 อาทิ แต่ไม่ยกเลิกให้โทรก็ไม่เคยโทรกลับ ต้องโทรไปหาเอง  แล้วก็แอพอะ ไม่ได้ต้องการสมัคร บังคับให้สมัคร อีกขอเลขบัตรประชาชนอีกไม่ได้อยากทำของพวกคุณเลย  																															",SCB/FWD เราต้องการให้คูณ ยกเลิกแต่ทำไมไม่ยกเลิก?,/content/pantip_storage/ptopic42368
6912551,ตอนทำทำง่ายๆ แค่พูดตกลง&nbsp;&nbsp;&nbsp;จะยกเลิก ให้ส่งเอกสารต่างๆ ให้โหลดแอฟ ให้ยืนยันSMS เรื่องเยอะยุ่งยาก เรานี้โง่+ควายจริงๆที่หลงไปทำ ท่าเราโดนหักเงินในบัญชี้ เมือไร แจ้งความทั้นที่,"
								SCB/FWD เราต้องการให้คูณยกเลิก แต่ทำไมไม่ยกเลิก?  กรมธรรม์ ที่โทรมาขายประกันออนไลน์ คูณต้องการเงินของเรามากเลยหรอกหรือต้องไปแจ้งความ? ทนรอ 2 อาทิ แต่ไม่ยกเลิกให้โทรก็ไม่เคยโทรกลับ ต้องโทรไปหาเอง  แล้วก็แอพอะ ไม่ได้ต้องการสมัคร บังคับให้สมัคร อีกขอเลขบัตรประชาชนอีกไม่ได้อยากทำของพวกคุณเลย  																															",SCB/FWD เราต้องการให้คูณ ยกเลิกแต่ทำไมไม่ยกเลิก?,/content/pantip_storage/ptopic42368
2327400,"แอดมินขออนุญาตติดตามเรื่องให้นะครับ เพื่อความปลอดภัยของข้อมูล รบกวนขอรายละเอียด เพื่อให้เจ้าหน้าที่ติดต่อกลับทาง inbox ครับ <a href=""http://m.me/fwdthailand""  rel=""nofollow"" target=""_blank"" >http://m.me/fwdthailand</a>","
								SCB/FWD เราต้องการให้คูณยกเลิก แต่ทำไมไม่ยกเลิก?  กรมธรรม์ ที่โทรมาขายประกันออนไลน์ คูณต้องการเงินของเรามากเลยหรอกหรือต้องไปแจ้งความ? ทนรอ 2 อาทิ แต่ไม่ยกเลิกให้โทรก็ไม่เคยโทรกลับ ต้องโทรไปหาเอง  แล้วก็แอพอะ ไม่ได้ต้องการสมัคร บังคับให้สมัคร อีกขอเลขบัตรประชาชนอีกไม่ได้อยากทำของพวกคุณเลย  																															",SCB/FWD เราต้องการให้คูณ ยกเลิกแต่ทำไมไม่ยกเลิก?,/content/pantip_storage/ptopic42368
2327400,"แอดมินขออนุญาตประสานงานให้เจ้าหน้าที่ติดต่อกลับนะครับ เพื่อความปลอดภัยของข้อมูล รบกวนแจ้งเบอร์ติดต่อกลับทาง FB ib นะครับ คลิก <a href=""http://m.me/fwdthailand""  rel=""nofollow"" target=""_blank"" >http://m.me/fwdthailand</a>","
								อยากรู้ยื่นเคลมผ่ายแอพ omne ของ fwd กี่วันถึงจะรู้ผล และอีกกี่วันถึงจะได้เงินเข้าบช. หรือจะต้องรอไปเรื่อย ๆ จน กธ.ครบอายุ หรืออย่างไร เพราะในแอพไม่ได้แจ้งว่ากี่วันรู้ผล และอีกกี่วันถึงจะโอนเงินเข้าบช. ...
ถ้ายื่นผ่านแอพแล้วมันจะช้าว่า ช่องทางปกติ ก็ยอกเลิกแอพไปเหอะ!																															",ยื่นเคลม FWD กี่วันได้,/content/pantip_storage/ptopic42246
7627333,"แบบนี้คืออะไร??? แค่บอกว่าสำเร็จ แต่ไม่มีรายละเอียดอะไรเพิ่ม คืองง??<br />
<img class=""img-in-post"" src=""https://f.ptcdn.info/837/081/000/s1p4p51go9k1h1sZLQfWh-o.jpg"" data-image=""img:720x1600"" />","
								อยากรู้ยื่นเคลมผ่ายแอพ omne ของ fwd กี่วันถึงจะรู้ผล และอีกกี่วันถึงจะได้เงินเข้าบช. หรือจะต้องรอไปเรื่อย ๆ จน กธ.ครบอายุ หรืออย่างไร เพราะในแอพไม่ได้แจ้งว่ากี่วันรู้ผล และอีกกี่วันถึงจะโอนเงินเข้าบช. ...
ถ้ายื่นผ่านแอพแล้วมันจะช้าว่า ช่องทางปกติ ก็ยอกเลิกแอพไปเหอะ!																															",ยื่นเคลม FWD กี่วันได้,/content/pantip_storage/ptopic42246
528154,"สวัสดีค่ะ คุณ สมาชิกหมายเลข 7937593 สำหรับประกัน FWD ท่านสามารถสอบถามข้อมูลได้ที่ บริษัท FWD ศูนย์บริการลูกค้า 1351 ติดต่อได้ทุกวัน เวลา 8.00 - 20.00 น. <a href=""https://www.fwd.co.th/th/""  rel=""nofollow"" target=""_blank"" >https://www.fwd.co.th/th/</a> ค่ะ หรือสอบถามช่องทางอีเมล customer.th@fwd.com ค่ะ หรือ&nbsp;&nbsp;เพื่อรักษาความปลอดภัยข้อมูลส่วนตัวของท่านเเละให้เจ้าหน้าที่ตรวจสอบ สามารถติดต่อมาที่หลังไมค์ โดยการคลิกที่ SCB Thailand ด้านล่าง เมื่อเข้าไปแล้วเลือกเมนู &quot;ส่งข้อความ&quot; ได้เลยนะคะ","
								ยากยกเลิกประกันสะสมทรัพย์ ของ FWD กับ SCB ค่ะ มีพนักงาน SCB โทรมานำเสนอ ตอนแรกปฏิเสธแล้วแต่ใจไม่แข็งพอ โดนหลอกถามจนถึงเข้าขั้นตอนสมัครเอาประกันแล้ว พอสมัครเสร็จมานั่งอ่านรีวิวและรายะเอียดต่างๆ เริ่มอยากยกเลิก แต่มีการสมัครมีการหักเงินผ่านบัญชีเงินฝาก สามารถยกเลิกได้ทางไหนบ้างคะ (ยังไม่ถึง 15 วัน)
พอดีติดต่อพนักงาน SCB ไปแล้วรอติดต่อกลับ จนตอนนี้ยังไม่มีติดต่อกลับมาเลยค่ะ 
และในกรณีที่ยกเลิกได้แล้ว เค้าจะคืนเงินวิธีการไหนคะ และใช้เวลากี่วันในการคืนเงิน																															",อยากยกเลิกประกันสะสมทรัพย์ ของ FWD กับ SCB,/content/pantip_storage/ptopic42460
487892,"ทำไมต้องเอากระทู้เก่าของปีที่แล้วมาดัดแปลงนิดหน่อยแล้วตั้งกระทู้ใหม่??<br />
<br />
ตั้งกระทู้เอาโล่??<br />
<br />
<a href=""https://m.pantip.com/topic/41761419""  rel=""nofollow"" target=""_blank"" >https://m.pantip.com/topic/41761419</a>?","
								ยากยกเลิกประกันสะสมทรัพย์ ของ FWD กับ SCB ค่ะ มีพนักงาน SCB โทรมานำเสนอ ตอนแรกปฏิเสธแล้วแต่ใจไม่แข็งพอ โดนหลอกถามจนถึงเข้าขั้นตอนสมัครเอาประกันแล้ว พอสมัครเสร็จมานั่งอ่านรีวิวและรายะเอียดต่างๆ เริ่มอยากยกเลิก แต่มีการสมัครมีการหักเงินผ่านบัญชีเงินฝาก สามารถยกเลิกได้ทางไหนบ้างคะ (ยังไม่ถึง 15 วัน)
พอดีติดต่อพนักงาน SCB ไปแล้วรอติดต่อกลับ จนตอนนี้ยังไม่มีติดต่อกลับมาเลยค่ะ 
และในกรณีที่ยกเลิกได้แล้ว เค้าจะคืนเงินวิธีการไหนคะ และใช้เวลากี่วันในการคืนเงิน																															",อยากยกเลิกประกันสะสมทรัพย์ ของ FWD กับ SCB,/content/pantip_storage/ptopic42460
2327400,"แอดมินขออนุญาตประสานงานให้เจ้าหน้าที่ติดต่อกลับนะครับ เพื่อความปลอดภัยของข้อมูล รบกวนแจ้งเบอร์ติดต่อกลับทาง FB ib นะครับ คลิก <a href=""http://m.me/fwdthailand""  rel=""nofollow"" target=""_blank"" >http://m.me/fwdthailand</a>","
								ยากยกเลิกประกันสะสมทรัพย์ ของ FWD กับ SCB ค่ะ มีพนักงาน SCB โทรมานำเสนอ ตอนแรกปฏิเสธแล้วแต่ใจไม่แข็งพอ โดนหลอกถามจนถึงเข้าขั้นตอนสมัครเอาประกันแล้ว พอสมัครเสร็จมานั่งอ่านรีวิวและรายะเอียดต่างๆ เริ่มอยากยกเลิก แต่มีการสมัครมีการหักเงินผ่านบัญชีเงินฝาก สามารถยกเลิกได้ทางไหนบ้างคะ (ยังไม่ถึง 15 วัน)
พอดีติดต่อพนักงาน SCB ไปแล้วรอติดต่อกลับ จนตอนนี้ยังไม่มีติดต่อกลับมาเลยค่ะ 
และในกรณีที่ยกเลิกได้แล้ว เค้าจะคืนเงินวิธีการไหนคะ และใช้เวลากี่วันในการคืนเงิน																															",อยากยกเลิกประกันสะสมทรัพย์ ของ FWD กับ SCB,/content/pantip_storage/ptopic42460
2327400,"แอดมินขออนุญาตประสานงานให้เจ้าหน้าที่ติดต่อกลับนะครับ เพื่อความปลอดภัยของข้อมูล รบกวนแจ้งเบอร์ติดต่อกลับทาง FB ib นะครับ คลิก <a href=""http://m.me/fwdthailand""  rel=""nofollow"" target=""_blank"" >http://m.me/fwdthailand</a>","
								ใบแจ้งมาวันที่ 15 ต.ค.66 พอดีเราย้ายที่อยู่ค่ะ พึ่งกลับบ้านตอนสงการต์ แล้วพึ่งได้รับจดหมายจาก FWD  ทำยังไงได้บ้างค่ะ																															",ขาดต่อประกันชีวิต FWD ทำไงได้บ้างคะ,/content/pantip_storage/ptopic42650
1400377,ไม่เกินระยะหนึ่ง ต่อได้ รีบแจ้งตัวแทน,"
								ใบแจ้งมาวันที่ 15 ต.ค.66 พอดีเราย้ายที่อยู่ค่ะ พึ่งกลับบ้านตอนสงการต์ แล้วพึ่งได้รับจดหมายจาก FWD  ทำยังไงได้บ้างค่ะ																															",ขาดต่อประกันชีวิต FWD ทำไงได้บ้างคะ,/content/pantip_storage/ptopic42650
6720532,ส่งเบี้ยมากี่ปีกี่เดือนแล้ว ยังไงก็รีบติดต่อตัวแทน หรือบริษัทฯ ขอต่อกรมธรรม์ย้อนหลัง เป็นค่าเบี้ยบวกค่าดอกเบี้ยหรือค่าปรับผิดนัดนี่แหละ,"
								ใบแจ้งมาวันที่ 15 ต.ค.66 พอดีเราย้ายที่อยู่ค่ะ พึ่งกลับบ้านตอนสงการต์ แล้วพึ่งได้รับจดหมายจาก FWD  ทำยังไงได้บ้างค่ะ																															",ขาดต่อประกันชีวิต FWD ทำไงได้บ้างคะ,/content/pantip_storage/ptopic42650
2327400,"แอดมินขออนุญาตประสานงานให้เจ้าหน้าที่ติดต่อกลับนะครับ เพื่อความปลอดภัยของข้อมูล รบกวนแจ้งเบอร์ติดต่อกลับทาง FB ib นะครับ คลิก <a href=""http://m.me/fwdthailand""  rel=""nofollow"" target=""_blank"" >http://m.me/fwdthailand</a>","
								อยากยกเลิกประกันfwdทำยังไงดีค่ะ🥹 เราถูกพนักงานขายพูดให้ชวนเชื่อว่าเป็ญบัญชีเงินฝาก แต่จะได้รับความคุ้มครองเพิ่มเติม หากเจ็บป่วยได้นอนโรงพยาบาลจะได้รับเบี้ยชดเชยคืนละ1000 ตอนสนทนาเราก็ได้สอบถามว่าถ้าเกิดเรามีปัญหาหรือเดือดร้อนสามารถเบิกได้ไหม พนักงานบอกถือเล่มเข้าไปที่ที่scbได้ เราก็หลงเชื่อเห็นว่าสะสมเงินแถมได้ประกันคุ้มครองเกิดมีเหตุฉุกเฉิน เลยสมัครสะสมเบี้ยมาปีกว่าแล้วต้องการใช้เบี้ย แต่ทางคอลเซ็นเตอร์แจ้งว่า จะไม่ได้รับเงินคืนถ้าไม่ครบสัญญา15ปี หรือไม่ก็สะสมให้ครบสอง2ถึงจะยกเลิกได้แต่จะได้รับคืนไม่เยอะตามจำนวนเบี้ย คุณเอ้ยเราอายุ20ต้นๆ ไม่มีรายได้ไม่มีเงินนอนบัญชีขนาดนั้นทุกวันที่หาเงินจ่ายค่าเบี้ยก็เหนื่อยมาก ยกเลิกก็ไม่ได้จะoเปล่า  ล่าสุดหักค่าเบี้ยไปสองรอบในเดือนเดียว ค่าเบี้ย1500หักไป12ธันวา 25ธันวาหักไปอีก 1503 ไม่รู้หักค่าไรอีก ตอนนี้รู้สึกเสียโง่มากค่ะ พนักงานขายก็ขายอย่างเดียวไม่ได้ดูอายุวุฒิภาวะเราเลยเห็นเดินผ่านบูทก็ขายของไอ่เราก็หลงไปสมัคร  ตอนนี้หาเงินส่งค่าเบี้ยเหนื่อยมากเลยค่ะเงินเดือนเราไม่ได้มีเยอะพอส่งค่าเบี้ยขนาดนั้น อยากยกเลิกและอยากได้รับเงินคืนค่ะ😭😭																															",อยากยกเลิกประกันfwd,/content/pantip_storage/ptopic42422
528154,"สวัสดีค่ะ คุณสมาชิกหมายเลข 7905738<br />
<br />
สำหรับบริการด้านประกันของบริษัท เอฟดับบลิวดี ประกันชีวิต จำกัด (มหาชน) แนะนำติดต่อ Call Center โทร. 1351 ติดต่อได้ทุกวัน เวลา 8.00 – 20.00 น. ค่ะ","
								อยากยกเลิกประกันfwdทำยังไงดีค่ะ🥹 เราถูกพนักงานขายพูดให้ชวนเชื่อว่าเป็ญบัญชีเงินฝาก แต่จะได้รับความคุ้มครองเพิ่มเติม หากเจ็บป่วยได้นอนโรงพยาบาลจะได้รับเบี้ยชดเชยคืนละ1000 ตอนสนทนาเราก็ได้สอบถามว่าถ้าเกิดเรามีปัญหาหรือเดือดร้อนสามารถเบิกได้ไหม พนักงานบอกถือเล่มเข้าไปที่ที่scbได้ เราก็หลงเชื่อเห็นว่าสะสมเงินแถมได้ประกันคุ้มครองเกิดมีเหตุฉุกเฉิน เลยสมัครสะสมเบี้ยมาปีกว่าแล้วต้องการใช้เบี้ย แต่ทางคอลเซ็นเตอร์แจ้งว่า จะไม่ได้รับเงินคืนถ้าไม่ครบสัญญา15ปี หรือไม่ก็สะสมให้ครบสอง2ถึงจะยกเลิกได้แต่จะได้รับคืนไม่เยอะตามจำนวนเบี้ย คุณเอ้ยเราอายุ20ต้นๆ ไม่มีรายได้ไม่มีเงินนอนบัญชีขนาดนั้นทุกวันที่หาเงินจ่ายค่าเบี้ยก็เหนื่อยมาก ยกเลิกก็ไม่ได้จะoเปล่า  ล่าสุดหักค่าเบี้ยไปสองรอบในเดือนเดียว ค่าเบี้ย1500หักไป12ธันวา 25ธันวาหักไปอีก 1503 ไม่รู้หักค่าไรอีก ตอนนี้รู้สึกเสียโง่มากค่ะ พนักงานขายก็ขายอย่างเดียวไม่ได้ดูอายุวุฒิภาวะเราเลยเห็นเดินผ่านบูทก็ขายของไอ่เราก็หลงไปสมัคร  ตอนนี้หาเงินส่งค่าเบี้ยเหนื่อยมากเลยค่ะเงินเดือนเราไม่ได้มีเยอะพอส่งค่าเบี้ยขนาดนั้น อยากยกเลิกและอยากได้รับเงินคืนค่ะ😭😭																															",อยากยกเลิกประกันfwd,/content/pantip_storage/ptopic42422
1579015,ติดตั้งแอป Omne ให้จบแล้วดูรายละเอียดทั้งหมดได้ เวนคืนกรมธรรม์หมายถึงการยกเลิกก่อนสัญญาแต่จะได้เงินคืนไม่มากถือว่าทำบุญให้แมวจ่ายค่าวิชาเสริมปัญญาไป ขอพลังจงอยู่กับท่าน อาเมน.,"
								อยากยกเลิกประกันfwdทำยังไงดีค่ะ🥹 เราถูกพนักงานขายพูดให้ชวนเชื่อว่าเป็ญบัญชีเงินฝาก แต่จะได้รับความคุ้มครองเพิ่มเติม หากเจ็บป่วยได้นอนโรงพยาบาลจะได้รับเบี้ยชดเชยคืนละ1000 ตอนสนทนาเราก็ได้สอบถามว่าถ้าเกิดเรามีปัญหาหรือเดือดร้อนสามารถเบิกได้ไหม พนักงานบอกถือเล่มเข้าไปที่ที่scbได้ เราก็หลงเชื่อเห็นว่าสะสมเงินแถมได้ประกันคุ้มครองเกิดมีเหตุฉุกเฉิน เลยสมัครสะสมเบี้ยมาปีกว่าแล้วต้องการใช้เบี้ย แต่ทางคอลเซ็นเตอร์แจ้งว่า จะไม่ได้รับเงินคืนถ้าไม่ครบสัญญา15ปี หรือไม่ก็สะสมให้ครบสอง2ถึงจะยกเลิกได้แต่จะได้รับคืนไม่เยอะตามจำนวนเบี้ย คุณเอ้ยเราอายุ20ต้นๆ ไม่มีรายได้ไม่มีเงินนอนบัญชีขนาดนั้นทุกวันที่หาเงินจ่ายค่าเบี้ยก็เหนื่อยมาก ยกเลิกก็ไม่ได้จะoเปล่า  ล่าสุดหักค่าเบี้ยไปสองรอบในเดือนเดียว ค่าเบี้ย1500หักไป12ธันวา 25ธันวาหักไปอีก 1503 ไม่รู้หักค่าไรอีก ตอนนี้รู้สึกเสียโง่มากค่ะ พนักงานขายก็ขายอย่างเดียวไม่ได้ดูอายุวุฒิภาวะเราเลยเห็นเดินผ่านบูทก็ขายของไอ่เราก็หลงไปสมัคร  ตอนนี้หาเงินส่งค่าเบี้ยเหนื่อยมากเลยค่ะเงินเดือนเราไม่ได้มีเยอะพอส่งค่าเบี้ยขนาดนั้น อยากยกเลิกและอยากได้รับเงินคืนค่ะ😭😭																															",อยากยกเลิกประกันfwd,/content/pantip_storage/ptopic42422
